ID,GioiTinh,Cau1,Cau2,Cau3,Cau4,Cau5,Cau6,Cau7,Cau8,Cau9,Cau10,Cau11,Cau12,Cau13,Cau14,Cau15,Cau16,Cau17,Cau18,Cau19,Cau20
HS001,Nu,C,D,D,B,D,B,B,D,D,C,D,D,D,B,D,B,C,C,A,A
HS002,Nu,A,D,D,B,D,B,A,D,D,C,D,C,D,D,D,B,C,D,A,A
HS003,Nu,A,D,C,B,D,B,B,A,D,C,D,D,D,D,D,C,A,D,A,A
HS004,Nam,A,D,D,B,D,B,A,D,C,C,D,C,D,D,A,B,C,C,A,A
HS005,Nu,C,D,D,D,A,B,D,D,C,C,D,D,D,D,D,D,D,A,A,A
HS006,Nu,A,D,A,C,D,B,A,D,D,C,D,B,D,D,D,B,C,B,A,A
HS007,Nam,B,D,A,D,B,D,C,A,C,B,D,C,A,D,D,D,A,A,B,A
HS008,Nam,D,D,A,B,B,D,D,D,B,D,A,A,A,B,A,A,B,D,A,A
HS009,Nam,D,D,A,B,C,B,,D,C,C,D,D,D,A,B,D,B,A,D,A
HS010,Nu,D,D,C,B,D,B,B,B,D,C,B,D,D,D,D,B,D,D,A,B
HS011,Nu,D,D,D,D,B,B,D,B,B,C,D,B,D,B,D,C,A,C,A,A
HS012,Nu,A,D,C,D,C,B,D,D,A,C,C,B,D,D,D,D,A,D,A,A
HS013,Nam,B,D,D,B,D,B,A,D,A,C,D,C,D,B,D,B,C,B,A,A
HS014,Nu,A,D,D,C,D,B,A,D,D,C,D,D,D,C,D,B,B,A,B,A
HS015,Nu,A,D,A,B,D,B,A,D,D,C,D,C,D,D,C,B,C,C,A,A
HS016,Nam,A,D,C,C,B,A,B,B,C,D,D,D,D,C,D,B,C,B,A,A
HS017,Nam,B,D,B,B,B,A,C,B,D,A,C,A,D,B,D,D,B,B,C,B
HS018,Nam,D,D,D,C,B,B,D,B,D,B,C,D,D,D,A,C,C,C,D,A
HS019,Nam,A,D,D,C,D,B,A,D,D,C,D,C,D,D,D,B,C,C,A,A
HS020,Nu,A,D,D,A,A,C,D,D,A,A,D,C,D,D,D,A,D,D,A,A
HS021,Nu,A,D,D,A,D,B,A,D,D,C,D,C,D,D,D,B,C,C,A,A
HS022,Nu,B,A,D,C,A,B,A,C,A,A,C,B,B,D,B,B,D,B,A,C
HS023,Nam,D,D,D,B,B,B,A,D,D,A,C,A,D,D,D,B,A,B,A,A
HS024,Nu,A,D,D,B,D,B,D,D,A,C,D,C,B,D,D,B,A,B,A,A
HS025,Nu,A,D,C,B,D,B,A,D,B,C,D,D,D,D,D,B,D,C,A,C
HS026,Nu,,D,D,A,C,A,A,D,A,A,A,C,D,C,D,B,,D,A,A
HS027,Nam,C,D,D,B,D,B,D,D,A,C,D,B,D,D,B,B,D,B,A,A
HS028,Nam,A,D,D,D,D,B,A,D,D,B,B,C,D,D,D,B,B,C,A,A
HS029,Nu,A,D,D,B,D,B,A,D,C,D,D,D,D,D,D,D,B,C,A,A
HS030,Nu,A,D,D,B,D,B,A,D,D,C,D,C,D,D,D,B,C,C,A,A
HS031,Nu,A,C,D,B,C,A,D,D,D,A,B,B,D,D,C,B,B,B,A,A
HS032,Nam,A,D,D,B,D,B,A,D,D,C,D,C,D,D,D,B,C,D,A,A
HS033,Nu,A,D,D,C,A,B,C,D,A,B,D,B,D,C,D,C,B,C,A,D
HS034,Nam,A,D,A,B,D,B,B,D,D,C,C,C,C,B,C,B,B,B,A,A
HS035,Nu,C,D,C,D,B,B,B,D,A,B,A,B,C,D,D,A,D,C,A,A
HS036,Nam,A,D,D,B,D,B,A,D,D,C,D,B,D,C,A,A,C,C,A,A
HS037,Nu,A,D,B,C,B,B,A,D,B,D,D,A,D,D,A,B,,B,A,A
HS038,Nam,C,D,D,C,D,B,,D,D,C,D,,D,D,D,B,D,C,A,A
HS039,Nam,A,C,B,A,A,B,A,D,D,C,D,,D,B,D,C,B,C,A,B
HS040,Nu,A,D,D,B,B,B,A,D,C,C,C,B,D,D,D,A,A,D,A,B
HS041,Nu,A,D,D,A,B,B,C,D,D,B,D,D,D,D,D,C,A,D,A,A
HS042,Nam,D,D,A,D,C,C,A,D,C,A,D,D,D,D,D,A,D,D,A,C
HS043,Nam,A,D,D,B,D,B,B,D,D,D,B,C,D,D,B,B,C,A,A,B
HS044,Nu,C,D,B,B,B,B,A,D,A,A,D,C,D,D,D,B,C,C,A,A
HS045,Nu,A,D,D,A,D,B,B,C,D,C,C,C,D,D,C,D,B,A,A,A
HS046,Nu,A,D,D,A,C,B,A,D,B,B,D,A,D,D,D,A,B,C,A,A
HS047,Nam,C,D,B,D,A,B,A,A,C,B,B,C,B,C,B,B,D,B,A,C
HS048,Nam,A,D,D,D,D,B,B,D,D,C,C,C,D,D,D,D,A,C,A,A
HS049,Nu,B,D,D,C,B,B,C,D,C,B,C,A,D,D,B,A,D,C,D,A
HS050,Nu,A,D,C,A,B,B,A,D,A,C,D,C,D,B,A,C,B,D,A,A
HS051,Nam,A,D,B,A,D,B,B,D,A,A,C,A,D,D,B,C,A,B,A,A
HS052,Nam,B,D,C,D,C,B,D,D,B,C,C,B,D,C,D,C,D,C,A,D
HS053,Nu,B,D,D,B,C,B,B,D,B,D,C,D,D,D,D,B,B,C,A,A
HS054,Nu,A,D,C,B,D,B,A,D,B,A,D,B,D,D,B,B,B,A,A,A
HS055,Nu,A,D,D,C,D,B,A,A,B,C,A,D,D,D,D,B,D,D,A,A
HS056,Nam,A,D,B,A,B,B,A,C,C,D,B,C,D,D,B,B,A,A,A,A
HS057,Nam,A,D,D,B,D,B,C,D,A,C,C,C,D,D,B,B,B,B,A,A
HS058,Nam,A,D,D,B,D,B,C,D,A,C,D,D,D,D,D,B,A,C,A,A
HS059,Nam,A,A,A,D,C,B,C,B,D,B,D,A,D,C,B,D,B,C,C,A
HS060,Nu,B,D,C,B,D,B,A,D,A,A,D,B,D,B,A,C,A,C,A,A
HS061,Nam,A,D,D,A,C,B,A,D,B,C,D,A,D,D,D,D,D,A,A,D
HS062,Nam,B,D,D,B,C,B,C,D,B,C,C,D,A,D,D,D,C,A,A,A
HS063,Nam,B,D,D,C,D,B,A,D,A,C,A,D,D,D,A,D,D,A,D,A
HS064,Nam,A,D,D,D,D,B,C,D,A,C,D,A,D,D,B,D,B,A,A,A
HS065,Nu,C,C,D,B,B,B,C,C,D,D,C,A,B,D,C,A,A,,A,A
HS066,Nam,A,D,D,D,C,D,C,D,B,D,D,A,D,B,A,B,B,B,A,A
HS067,Nu,A,D,A,A,A,D,D,B,A,D,D,D,D,A,B,C,D,B,A,B
HS068,Nu,A,D,D,C,D,B,A,D,B,C,D,C,D,C,D,A,B,A,A,A
HS069,Nu,A,D,C,C,A,A,C,D,A,C,D,A,D,D,B,A,A,C,A,A
HS070,Nam,A,D,D,A,D,B,A,C,B,B,A,C,D,D,D,B,B,B,B,C
HS071,Nu,B,D,D,A,D,B,A,D,D,C,D,,D,C,D,B,A,D,A,A
HS072,Nam,A,D,D,B,D,B,A,D,D,C,A,C,D,D,D,B,D,A,A,A
HS073,Nam,C,A,D,A,D,B,B,A,A,B,D,C,D,C,C,C,C,A,A,B
HS074,Nam,A,D,D,B,D,B,A,D,D,C,D,A,D,D,D,C,B,B,A,A
HS075,Nam,A,D,C,A,C,B,B,D,D,D,A,A,C,A,B,D,C,A,A,A
HS076,Nu,A,D,D,B,D,B,A,D,B,C,D,D,D,D,D,B,A,C,B,A
HS077,Nam,B,D,A,C,C,B,C,D,A,C,C,B,D,D,C,A,A,C,A,A
HS078,Nu,C,D,B,C,A,B,A,A,B,D,D,C,D,A,D,A,B,C,A,A
HS079,Nam,A,D,D,B,C,B,A,A,A,A,B,A,D,D,D,A,B,B,A,A
HS080,Nu,A,D,B,C,A,B,A,D,C,D,D,B,D,A,D,B,B,A,A,A
HS081,Nam,C,C,A,B,B,B,A,D,C,B,C,D,D,D,C,B,B,A,B,A
HS082,Nam,A,D,A,B,D,B,A,D,D,C,C,D,D,D,D,B,B,A,A,A
HS083,Nu,A,D,D,C,C,B,D,D,,A,D,C,A,D,C,D,B,C,A,C
HS084,Nu,A,D,C,C,B,B,C,D,A,C,D,C,D,D,D,C,C,B,A,A
HS085,Nu,A,C,D,D,B,B,B,D,D,C,D,A,D,D,,B,A,B,A,A
HS086,Nam,A,D,D,B,D,B,A,D,B,C,D,C,D,D,D,B,C,C,A,A
HS087,Nu,A,D,D,B,C,B,A,D,D,C,D,C,D,D,D,B,C,A,A,A
HS088,Nu,C,C,D,B,B,B,C,D,B,B,A,A,D,C,C,B,A,B,B,C
HS089,Nu,A,D,D,D,D,B,A,B,B,C,D,C,D,D,D,B,B,D,A,A
HS090,Nam,A,D,D,B,C,B,C,A,C,C,D,A,D,A,A,D,B,D,A,A
HS091,Nu,A,D,D,B,D,B,A,D,B,C,D,B,D,D,D,B,D,C,A,A
HS092,Nu,A,D,D,B,D,B,A,D,A,C,D,C,D,B,D,B,C,B,A,A
HS093,Nu,D,D,D,B,D,B,D,D,A,C,A,D,D,C,D,B,A,A,A,A
HS094,Nu,A,D,A,D,D,B,C,D,C,B,D,B,D,D,D,B,B,D,A,A
HS095,Nu,A,C,B,B,D,B,B,D,B,A,A,A,D,D,D,B,C,C,A,A
HS096,Nu,A,D,D,D,A,B,C,D,A,,A,D,A,B,B,A,D,D,D,C
HS097,Nam,A,D,B,B,C,C,A,D,B,D,D,A,D,A,D,A,A,B,A,A
HS098,Nu,A,D,A,D,D,B,B,B,C,A,D,A,D,C,A,D,A,A,D,A
HS099,Nu,A,D,D,C,B,B,C,D,A,C,D,C,D,B,C,A,C,A,C,D
HS100,Nam,A,D,A,B,D,B,C,D,C,C,D,D,D,D,D,D,A,D,C,A
HS101,Nam,A,D,A,D,B,B,B,A,B,A,C,B,D,B,D,D,B,D,A,D
HS102,Nu,A,D,D,A,A,D,A,D,B,C,D,A,D,D,D,B,D,C,A,A
HS103,Nam,A,D,D,B,D,B,A,D,D,C,D,D,D,D,D,B,C,C,A,A
HS104,Nam,A,D,D,B,D,B,B,D,A,C,C,B,D,C,B,B,A,C,A,D
HS105,Nam,A,D,D,C,D,B,B,D,A,C,D,C,D,D,D,B,C,C,A,A
HS106,Nu,A,D,D,C,C,A,A,D,A,A,D,D,D,D,C,B,C,B,A,A
HS107,Nu,A,D,D,D,D,B,D,A,C,D,C,B,D,B,D,B,C,B,A,A
HS108,Nu,C,C,C,D,B,B,A,D,C,A,B,C,D,C,D,A,D,B,A,A
HS109,Nu,A,D,A,B,B,B,C,D,A,D,D,C,D,D,D,B,A,D,A,A
HS110,Nam,C,D,D,B,C,B,A,D,D,C,D,D,D,D,B,D,A,C,A,A
HS111,Nu,A,D,C,B,A,A,A,D,D,C,B,,D,B,D,B,B,C,A,A
HS112,Nam,A,D,B,B,B,B,C,D,D,C,D,C,D,C,D,B,B,A,A,A
HS113,Nu,A,B,A,C,D,B,C,D,D,D,D,A,D,D,D,D,D,B,D,C
HS114,Nam,A,A,D,A,A,B,A,D,A,C,D,C,D,D,A,C,A,D,A,A
HS115,Nu,A,D,B,D,C,D,A,A,A,C,D,B,D,A,B,C,A,A,B,A
HS116,Nu,A,D,D,B,D,B,D,C,B,A,A,A,D,C,D,D,A,B,B,A
HS117,Nam,A,D,D,B,A,B,B,C,A,D,A,D,D,C,C,C,B,C,D,D
HS118,Nam,A,D,D,C,C,B,C,D,D,A,A,A,D,A,D,C,C,C,D,A
HS119,Nam,A,D,D,,C,B,A,D,B,B,D,D,D,D,B,B,D,C,A,D
HS120,Nam,A,D,D,A,D,B,D,D,A,C,D,A,D,D,D,B,A,C,A,A
HS121,Nu,A,D,D,,D,A,A,D,A,A,D,B,D,D,D,B,A,C,A,A
HS122,Nam,C,D,C,C,B,B,B,D,A,B,B,C,D,D,D,A,C,D,A,A
HS123,Nu,C,D,D,B,D,B,C,D,A,A,A,A,B,D,D,A,C,D,A,A
HS124,Nu,B,A,C,B,A,B,A,D,B,D,B,D,D,C,A,A,C,B,A,A
HS125,Nu,A,D,D,A,B,B,D,D,B,C,D,D,D,D,D,D,A,C,A,A
HS126,Nam,C,D,C,A,D,B,B,D,B,B,D,D,D,B,D,A,B,B,A,A
HS127,Nu,B,D,C,A,B,B,A,D,D,C,D,B,D,D,D,C,A,A,A,A
HS128,Nu,A,D,B,B,A,B,A,D,B,C,D,C,D,D,B,B,C,B,A,A
HS129,Nam,D,D,C,A,D,B,D,D,B,C,C,C,D,D,A,B,C,D,A,A
HS130,Nu,A,C,C,B,B,B,A,A,B,A,C,D,D,C,B,C,C,A,A,D
HS131,Nam,D,D,C,C,B,D,C,D,A,B,B,A,A,C,D,D,B,C,A,A
HS132,Nam,D,D,A,B,D,B,A,D,A,C,D,C,D,C,C,B,D,C,A,A
HS133,Nu,A,D,C,B,D,B,A,D,C,C,D,C,D,D,D,B,C,B,A,A
HS134,Nu,B,D,A,B,D,B,B,D,C,A,D,C,D,D,D,B,A,C,A,A
HS135,Nu,A,D,D,,D,B,A,D,D,C,D,C,D,D,D,B,A,B,A,A
HS136,Nam,A,C,C,A,B,B,B,D,C,C,A,C,D,D,B,A,A,B,D,D
HS137,Nam,A,D,D,B,C,B,D,D,D,C,D,C,D,D,D,C,A,D,A,A
HS138,Nam,A,A,C,B,D,B,D,A,B,C,C,B,D,D,C,A,B,C,A,D
HS139,Nam,A,D,D,B,D,B,A,D,B,D,D,C,D,D,D,B,C,B,A,A
HS140,Nam,C,C,D,C,A,B,B,D,A,A,D,C,D,A,A,B,D,A,A,A
HS141,Nam,A,D,A,B,C,B,C,D,B,B,B,B,C,D,D,A,B,C,A,C
HS142,Nam,C,D,C,B,C,B,C,A,B,B,B,B,D,A,B,A,B,D,A,A
HS143,Nu,A,D,D,D,C,B,D,C,B,B,C,B,D,A,A,D,D,C,A,A
HS144,Nu,A,D,B,A,C,B,C,D,B,C,D,C,D,D,C,B,B,C,A,A
HS145,Nam,A,D,D,B,A,B,A,D,D,D,D,A,D,D,B,A,B,C,A,B
HS146,Nam,A,D,D,B,D,B,C,D,D,C,D,B,D,D,D,B,B,C,C,A
HS147,Nu,D,D,D,B,D,B,A,D,C,A,A,C,D,D,D,A,C,A,A,A
HS148,Nu,D,D,C,B,C,B,B,D,B,D,A,A,D,B,D,D,B,A,D,A
HS149,Nam,D,D,D,C,B,B,D,D,,B,A,A,D,B,A,C,D,D,A,A
HS150,Nam,D,D,D,B,D,B,A,D,D,C,D,A,D,D,A,D,C,D,A,B
HS151,Nu,A,D,B,A,D,B,D,D,A,A,D,C,D,D,D,A,C,C,A,A
HS152,Nam,D,D,B,A,D,B,C,D,D,C,D,D,D,A,D,B,B,D,A,A
HS153,Nam,D,D,C,A,D,C,B,B,A,D,A,B,D,B,B,D,D,B,D,A
HS154,Nu,A,D,D,C,D,B,A,D,B,C,D,B,D,D,D,B,C,C,A,A
HS155,Nam,B,D,D,B,D,B,A,D,A,C,A,C,D,D,D,B,A,C,B,A
HS156,Nam,B,D,D,C,C,B,B,D,D,A,D,A,D,D,D,A,B,C,A,A
HS157,Nam,A,D,D,B,D,B,A,D,B,C,D,C,D,D,D,B,C,A,A,A
HS158,Nu,A,D,D,D,D,D,B,D,C,C,B,C,D,D,D,A,C,A,A,A
HS159,Nam,A,D,C,D,B,D,A,D,C,A,B,D,A,B,A,A,B,A,B,B
HS160,Nu,C,D,C,A,A,B,D,D,A,D,,C,D,D,B,D,B,A,A,A
HS161,Nu,B,D,C,B,D,B,D,D,A,B,D,C,D,A,A,B,B,A,B,A
HS162,Nu,A,D,D,B,D,B,D,D,A,C,D,C,D,D,B,B,C,C,A,A
HS163,Nu,A,D,C,C,C,B,D,D,C,C,C,A,D,D,D,B,B,B,A,C
HS164,Nu,A,D,D,B,D,B,A,D,D,C,D,C,D,D,D,B,,C,A,A
HS165,Nam,C,D,D,D,C,B,C,D,C,C,B,B,D,D,C,B,C,C,A,A
HS166,Nam,A,D,D,C,B,B,A,D,A,C,B,C,D,D,D,B,A,C,A,A
HS167,Nu,D,D,D,C,D,B,A,A,C,D,C,A,D,B,B,D,B,C,A,D
HS168,Nam,A,D,A,A,A,B,,A,C,A,D,D,D,C,A,B,D,D,A,A
HS169,Nu,A,D,B,B,A,D,B,D,A,D,B,C,B,A,C,D,B,B,D,A
HS170,Nu,A,D,D,B,D,B,D,D,D,C,D,C,D,D,D,B,C,B,A,A
HS171,Nu,A,D,D,B,B,B,B,D,B,C,D,C,D,D,D,B,D,D,A,A
HS172,Nam,C,D,D,D,D,B,A,C,D,D,C,B,A,D,D,C,A,C,A,A
HS173,Nu,C,D,C,B,D,D,B,D,B,C,A,B,D,B,A,D,A,B,D,B
HS174,Nu,A,D,D,A,D,B,D,D,D,C,C,B,D,D,D,B,C,A,A,A
HS175,Nu,B,D,A,B,D,B,D,D,B,B,C,B,D,D,D,B,C,C,A,A
HS176,Nu,C,D,D,A,D,B,A,D,,C,D,B,D,B,D,B,C,B,A,A
HS177,Nu,A,D,D,D,D,B,,B,A,B,D,C,D,D,C,C,D,C,A,A
HS178,Nam,C,D,A,B,B,D,A,D,A,D,D,C,D,B,C,B,B,A,A,A
HS179,Nu,D,D,A,A,D,B,A,D,D,C,D,C,D,D,D,B,C,D,A,A
HS180,Nu,A,B,A,D,C,D,A,D,C,A,D,B,D,B,A,D,B,D,A,A
HS181,Nu,A,D,A,A,D,B,A,D,D,C,A,A,D,B,A,C,B,B,A,A
HS182,Nu,C,,D,D,D,C,A,D,C,D,A,A,A,C,B,A,D,C,A,B
HS183,Nam,A,D,C,B,D,B,A,D,D,C,C,C,D,D,D,A,A,B,A,A
HS184,Nu,D,D,D,B,D,B,C,D,B,A,D,A,D,D,D,C,D,A,A,A
HS185,Nu,A,D,B,C,A,B,A,D,B,A,D,D,A,B,C,A,A,C,A,A
HS186,Nu,C,D,C,B,A,B,D,A,B,D,D,A,C,D,A,A,D,D,A,A
HS187,Nam,B,D,A,A,D,B,C,A,C,B,D,B,C,A,A,D,D,B,A,A
HS188,Nam,D,D,B,B,A,B,D,D,A,D,C,D,D,D,C,C,C,C,A,A
HS189,Nam,A,D,D,B,D,B,A,D,C,C,D,C,D,D,C,D,D,B,A,A
HS190,Nam,D,D,D,B,D,B,A,D,D,C,D,C,D,D,D,A,C,C,A,A
HS191,Nu,A,D,D,B,D,B,C,D,D,C,B,C,D,D,D,B,C,C,A,A
HS192,Nu,D,D,B,B,B,B,C,D,C,D,D,C,D,D,C,A,C,,A,A
HS193,Nam,C,D,D,A,D,B,C,D,B,C,C,B,D,D,A,C,A,C,A,A
HS194,Nu,A,D,D,B,D,B,C,D,D,C,D,C,D,D,D,B,C,B,A,A
HS195,Nam,A,D,D,D,D,B,A,D,D,C,D,C,D,D,D,C,C,C,A,A
HS196,Nam,D,D,D,D,D,B,A,D,B,C,D,D,D,D,A,D,A,B,A,A
HS197,Nu,D,D,D,B,A,D,B,D,A,B,D,C,,B,D,D,C,B,A,A
HS198,Nam,A,D,D,B,B,B,A,D,B,C,D,B,D,D,D,D,B,B,A,A
HS199,Nam,A,D,C,B,C,D,A,C,B,B,B,C,D,D,B,C,D,C,B,A
HS200,Nu,A,D,D,D,D,B,B,B,C,C,D,C,D,A,D,D,B,A,A,A
HS201,Nam,A,D,D,D,A,B,C,D,B,C,B,B,D,D,D,B,B,A,A,A
HS202,Nu,B,D,A,B,B,B,B,A,D,C,B,A,D,A,B,A,B,A,A,A
HS203,Nam,A,D,B,D,B,B,D,D,A,C,A,B,D,D,D,D,B,D,A,A
HS204,Nam,D,D,D,B,A,B,A,D,B,C,D,D,D,D,D,B,A,A,A,A
HS205,Nam,A,D,D,D,B,A,B,D,B,B,D,A,D,A,C,D,B,A,A,A
HS206,Nam,D,D,B,D,C,C,B,D,C,B,C,C,D,D,B,C,,D,A,D
HS207,Nu,B,D,D,A,D,B,D,D,D,C,D,A,D,D,D,C,C,A,A,A
HS208,Nu,A,C,D,A,C,C,C,D,A,D,B,A,D,A,C,A,D,B,B,B
HS209,Nu,A,D,D,C,D,B,A,D,A,C,A,C,D,C,D,B,C,A,A,A
HS210,Nu,A,D,D,B,D,B,A,D,D,C,D,C,D,D,B,B,B,A,A,A
HS211,Nam,A,C,C,B,D,B,,D,D,D,D,C,D,B,B,D,D,C,A,A
HS212,Nu,D,D,D,C,B,B,C,D,D,C,D,A,D,D,D,C,A,D,A,A
HS213,Nam,A,D,D,B,D,B,B,D,D,C,D,C,D,D,D,D,,C,A,A
HS214,Nu,A,D,D,A,D,B,C,D,C,C,D,C,D,D,B,A,B,A,A,A
HS215,Nam,A,D,D,B,D,B,A,D,D,C,D,C,D,D,D,B,C,C,A,A
HS216,Nam,A,D,D,B,C,B,C,D,D,C,B,C,D,D,D,B,A,C,A,A
HS217,Nam,A,D,D,D,,B,A,D,B,B,C,C,D,D,D,B,C,D,A,A
HS218,Nam,A,D,D,B,C,B,A,D,A,D,D,D,C,B,B,D,B,A,A,A
HS219,Nam,A,D,D,A,D,B,D,D,D,C,D,D,D,D,A,C,A,B,A,A
HS220,Nam,C,D,B,B,D,B,D,D,A,C,D,C,D,C,A,D,C,C,A,A
HS221,Nu,D,D,A,B,A,B,D,D,D,C,A,B,D,D,B,D,B,B,A,A
HS222,Nu,A,D,A,C,B,B,B,A,B,B,B,A,D,D,D,C,D,A,A,A
HS223,Nu,D,D,D,A,A,B,C,D,A,C,A,C,A,D,D,B,B,A,A,A
HS224,Nu,A,D,B,C,D,B,C,D,C,A,B,B,D,D,D,A,B,C,A,A
HS225,Nu,D,D,A,B,A,B,A,B,B,C,D,C,D,D,C,D,C,C,A,A
HS226,Nu,B,C,D,D,D,C,D,D,B,C,A,C,D,B,C,C,C,D,A,C
HS227,Nam,C,D,D,C,B,B,A,D,B,C,D,A,D,A,D,B,C,D,A,A
HS228,Nu,A,D,D,B,A,D,D,D,D,D,D,C,D,D,D,B,D,D,A,C
HS229,Nam,A,D,D,D,D,B,B,D,A,A,C,D,D,C,D,D,C,D,A,A
HS230,Nam,A,D,D,B,D,B,A,D,D,C,D,D,D,D,B,B,C,D,A,A
HS231,Nam,A,D,D,B,C,B,C,D,D,C,C,B,D,D,D,B,B,C,A,A
HS232,Nam,A,D,D,A,A,B,A,A,A,C,D,A,D,D,D,A,B,B,A,A
HS233,Nu,A,D,D,B,D,B,C,D,D,C,B,B,D,D,D,D,D,C,A,A
HS234,Nam,A,D,D,C,A,B,C,B,D,C,D,A,D,C,D,C,A,D,A,A
HS235,Nu,B,D,,C,C,B,B,A,B,B,B,A,D,C,D,D,D,D,C,B
HS236,Nu,B,A,A,B,D,B,D,B,D,D,A,D,D,D,B,D,D,B,A,B
HS237,Nam,A,D,D,B,D,B,A,D,D,C,D,B,D,D,D,D,C,D,A,A
HS238,Nam,A,C,B,A,B,B,B,C,,A,D,D,D,C,B,C,B,B,A,C
HS239,Nam,B,D,B,B,C,C,C,D,D,A,C,D,C,D,D,A,B,A,A,A
HS240,Nam,D,D,D,C,A,B,D,D,B,A,C,D,D,D,D,D,C,D,A,A
HS241,Nu,A,A,A,C,B,B,C,A,B,A,A,B,A,B,D,C,B,B,A,A
HS242,Nu,A,D,D,B,A,B,A,D,B,C,A,C,B,D,B,B,B,D,A,A
HS243,Nam,A,D,D,B,D,B,C,D,A,C,D,C,D,A,D,B,C,C,A,A
HS244,Nu,A,D,D,A,D,B,A,D,A,C,B,A,D,D,C,B,C,B,A,A
HS245,Nu,A,D,D,C,D,B,A,D,D,C,D,C,D,D,D,B,C,C,A,A
HS246,Nu,C,D,B,C,D,B,B,A,D,C,D,D,C,C,B,A,A,B,A,A
HS247,Nam,D,D,D,B,D,B,A,D,D,C,D,D,D,A,D,B,B,B,A,A
HS248,Nam,,D,A,C,C,A,A,D,B,C,B,,D,C,,D,A,B,D,A
HS249,Nu,A,D,D,C,D,B,A,D,B,C,B,,D,D,D,B,A,C,A,A
HS250,Nu,B,D,D,A,D,B,B,B,D,C,D,B,D,B,D,A,A,D,B,A
HS251,Nu,A,D,D,D,D,B,C,D,D,C,D,D,D,B,D,B,C,B,A,A
HS252,Nu,A,D,D,B,D,B,A,D,D,C,D,C,D,D,D,B,B,C,A,B
HS253,Nam,D,C,A,A,A,D,B,B,B,D,C,A,C,A,A,C,A,D,D,A
HS254,Nu,D,D,B,D,C,B,C,C,B,D,B,B,A,,B,C,C,B,B,C
HS255,Nu,D,D,D,B,A,B,B,D,C,C,D,D,D,D,B,A,B,D,A,A
HS256,Nam,C,D,A,A,D,B,D,D,D,C,C,A,D,D,D,B,D,C,A,A
HS257,Nam,A,D,B,D,D,B,D,D,D,B,B,C,D,D,C,D,B,C,A,A
HS258,Nam,A,D,D,B,A,B,A,D,B,C,D,C,D,D,B,D,C,B,A,A
HS259,Nam,B,D,D,A,D,B,A,D,A,C,D,D,D,D,D,A,C,B,A,A
HS260,Nu,D,C,D,D,C,C,D,D,B,,B,A,D,C,A,A,B,C,B,A
HS261,Nam,A,B,B,B,A,B,A,A,D,B,B,B,C,C,A,D,D,,A,A
HS262,Nam,A,D,B,A,D,B,B,D,B,C,C,D,D,D,B,A,B,D,B,A
HS263,Nam,A,D,C,C,A,B,C,D,B,A,A,B,D,D,D,D,C,C,A,A
HS264,Nam,A,D,D,D,D,B,C,D,C,C,D,C,D,D,D,B,A,C,A,A
HS265,Nu,A,D,B,A,B,B,D,D,D,D,D,B,D,D,D,B,C,A,A,A
HS266,Nu,A,D,B,C,A,B,A,D,D,C,D,C,D,D,D,B,D,A,A,A
HS267,Nam,A,D,D,D,C,A,A,D,A,D,D,C,D,D,D,B,C,B,A,A
HS268,Nu,B,A,D,A,C,B,D,C,B,B,B,C,D,D,A,A,C,A,B,C
HS269,Nu,,D,A,B,C,B,A,D,D,D,A,C,D,D,D,A,A,C,A,A
HS270,Nam,B,B,D,D,D,B,B,D,D,A,B,D,D,B,D,A,A,D,A,A
HS271,Nam,B,B,B,D,B,B,C,D,A,D,B,B,D,C,D,A,D,C,A,C
HS272,Nu,A,D,D,C,D,B,C,D,D,C,B,B,D,B,C,C,B,D,A,A
HS273,Nam,B,D,B,B,D,B,A,D,D,C,A,C,D,D,D,B,B,C,A,A
HS274,Nam,A,D,D,B,D,B,A,D,D,C,D,C,D,D,D,A,C,B,A,A
HS275,Nu,B,D,C,B,D,B,B,D,D,D,D,C,D,D,A,B,C,A,A,A
HS276,Nu,A,D,D,B,D,B,C,D,A,D,B,A,D,A,C,A,C,D,A,A
HS277,Nam,A,D,D,B,D,B,A,D,D,C,D,C,D,D,D,B,B,C,A,A
HS278,Nu,A,D,D,B,D,B,C,D,A,C,D,C,D,D,D,A,B,B,A,A
HS279,Nam,A,D,D,B,D,B,A,D,D,A,A,D,D,D,D,C,D,D,A,A
HS280,Nam,A,D,B,A,C,B,A,C,D,D,A,D,D,A,D,B,A,C,A,A
HS281,Nam,A,D,D,A,C,B,A,A,D,C,D,A,D,D,D,B,C,A,A,A
HS282,Nam,A,D,D,B,D,B,B,D,A,B,D,C,D,D,D,B,D,B,A,A
HS283,Nam,A,D,B,A,D,B,A,D,D,C,C,C,D,D,C,B,C,D,A,A
HS284,Nu,A,D,D,B,D,B,A,D,B,C,D,C,D,A,D,A,C,C,A,A
HS285,Nam,B,A,A,A,A,B,B,D,A,B,D,B,D,D,D,,D,D,D,A
HS286,Nu,B,D,D,D,D,B,B,D,C,C,A,C,D,D,D,B,B,D,A,A
HS287,Nu,A,D,D,B,C,B,C,D,C,B,D,D,D,D,D,D,A,D,A,A
HS288,Nam,A,D,B,B,C,B,B,D,D,C,D,C,D,D,D,A,A,B,A,A
HS289,Nu,A,D,D,B,D,B,A,D,C,D,B,A,D,B,C,B,D,B,D,A
HS290,Nam,B,D,D,C,D,B,C,D,D,C,A,D,D,D,B,B,C,C,A,A
HS291,Nam,A,D,D,D,A,B,C,D,B,A,B,D,D,D,D,A,C,A,A,A
HS292,Nam,D,D,A,B,D,B,B,D,D,B,D,B,D,D,D,C,D,A,D,D
HS293,Nu,A,D,C,B,D,B,B,D,B,C,A,B,D,B,B,A,A,D,A,A
HS294,Nu,A,D,D,A,D,B,B,D,D,C,D,D,D,B,C,B,B,C,C,A
HS295,Nu,A,D,D,A,D,B,C,D,A,C,D,B,D,A,B,A,A,A,A,A
HS296,Nam,B,D,D,B,D,B,C,D,A,C,D,B,D,D,D,A,D,C,A,A
HS297,Nam,B,D,C,B,A,C,A,C,D,A,B,A,D,B,D,C,A,B,C,A
HS298,Nu,A,D,D,B,D,B,D,D,D,C,D,C,D,D,D,B,A,B,A,A
HS299,Nam,A,D,D,B,A,B,A,D,D,A,A,A,D,D,C,C,,D,A,A
HS300,Nam,D,B,,A,A,B,B,C,C,A,A,A,D,D,B,C,A,B,B,A
