Item,a,b,c
I01,1.073,-1.331,0.159
I02,1.652,-1.89,0.104
I03,0.707,0.692,0.198
I04,1.284,-1.877,0.236
I05,1.11,-1.579,0.155
I06,1.172,-1.289,0.148
I07,1.108,0.145,0.127
I08,2.069,1.892,0.222
I09,1.575,1.079,0.222
I10,1.366,0.742,0.176
I11,1.678,-1.585,0.195
I12,1.859,0.111,0.244
I13,1.74,0.95,0.188
I14,1.373,-0.28,0.249
I15,1.709,0.753,0.133
I16,1.698,0.533,0.112
I17,1.891,-0.862,0.225
I18,1.292,0.086,0.183
I19,1.65,0.84,0.149
I20,1.477,-0.133,0.124
I21,0.805,1.314,0.169
I22,0.89,0.813,0.21
I23,1.911,1.287,0.221
I24,1.174,1.794,0.199
I25,0.843,-1.093,0.207
