Toan1,Toan2,Toan3,Toan4,Toan5,Toan6,Toan7,Toan8,Van1,Van2,Van3,Van4,Van5,Van6,Van7,Van8
0,1,0,1,0,0,0,1,1,0,0,0,1,0,0,0
0,1,0,1,0,0,0,0,0,1,0,0,1,1,1,0
0,0,0,1,0,0,0,1,0,1,0,0,1,0,1,0
0,0,0,1,1,0,0,1,1,1,0,0,0,0,0,0
0,0,1,1,0,0,0,0,0,0,0,0,1,0,0,1
0,1,0,0,0,0,0,0,0,1,0,0,0,0,0,0
0,1,0,1,1,1,1,1,0,0,0,0,1,0,0,0
0,1,1,1,0,0,0,0,0,1,1,1,1,0,0,0
1,1,0,1,1,1,1,1,0,1,0,0,1,1,0,1
0,1,0,1,0,0,0,0,1,1,1,1,1,1,0,1
0,1,0,1,1,0,0,1,0,1,0,0,1,0,1,0
0,0,0,1,1,1,1,1,0,1,1,0,1,1,1,0
1,1,0,1,0,1,0,1,1,1,0,1,0,0,1,1
0,1,0,1,0,0,1,0,0,1,1,0,1,1,1,1
0,0,0,0,0,0,0,0,0,1,0,0,1,1,1,0
0,1,1,0,1,0,0,1,0,1,1,0,1,0,0,0
0,1,0,1,0,0,1,1,0,1,1,0,1,1,1,0
1,1,0,1,1,1,1,1,0,1,1,0,1,0,0,0
1,1,1,1,1,1,1,1,0,1,0,0,1,1,0,0
0,0,0,0,0,0,1,1,0,1,1,0,1,0,0,1
0,0,0,1,0,0,0,1,0,0,0,0,1,0,0,0
0,1,1,1,0,1,1,1,0,1,0,0,1,1,1,1
0,0,1,1,0,0,0,1,0,1,0,0,1,0,0,0
0,1,0,1,0,0,0,0,0,1,1,1,1,0,1,0
0,0,0,1,0,0,0,0,0,0,0,0,1,0,0,0
0,0,0,1,0,0,0,0,0,1,0,0,0,0,0,0
0,0,1,1,0,0,0,1,0,1,0,0,1,0,0,0
0,1,0,1,1,0,0,0,0,1,0,0,1,0,1,1
0,1,0,1,0,1,0,1,0,1,0,0,1,1,0,1
0,1,1,1,0,1,0,1,1,0,0,0,0,0,0,0
0,1,0,1,0,0,1,1,0,1,0,0,1,1,0,0
0,1,0,1,0,1,0,1,0,1,0,0,1,0,0,0
0,1,0,1,0,0,0,1,1,1,1,1,1,1,1,1
0,1,0,1,0,0,0,0,0,1,0,0,0,0,0,0
0,1,0,1,0,0,0,0,1,1,0,0,1,0,0,1
0,1,0,1,0,0,0,1,0,0,0,0,1,0,0,0
0,1,1,1,0,0,1,1,0,1,0,0,1,0,1,0
1,1,1,1,0,1,1,1,1,1,1,0,1,1,1,1
0,0,0,1,0,0,0,0,0,1,0,1,1,0,1,0
0,1,0,0,1,1,0,1,0,1,1,0,1,0,0,1
0,1,0,1,0,1,1,0,0,0,0,0,1,0,0,0
0,1,0,1,0,1,0,1,0,1,1,0,0,0,0,0
0,1,1,0,0,0,0,0,0,0,0,0,1,0,1,0
0,1,1,1,0,1,0,0,0,1,0,0,1,0,1,0
0,1,0,1,0,1,0,0,0,1,0,0,0,1,0,0
0,1,1,1,0,0,1,0,0,1,1,0,1,1,1,0
0,1,0,1,1,1,0,1,0,1,1,0,1,1,1,1
1,1,0,1,0,1,1,1,1,1,1,1,1,1,0,1
0,1,1,0,0,1,0,1,0,1,0,0,0,0,0,0
1,1,1,1,0,1,1,1,0,1,0,0,1,1,0,0
0,1,0,0,0,0,0,1,0,0,1,0,1,0,1,0
0,1,0,1,0,0,0,1,0,1,0,0,1,0,1,0
0,0,1,1,0,1,0,0,0,0,0,0,1,0,0,0
1,1,1,1,1,0,0,0,0,1,1,0,1,0,1,0
1,1,1,1,1,1,1,1,0,1,1,1,1,1,1,0
0,0,0,0,0,0,0,0,1,1,1,1,1,1,0,1
0,0,0,1,0,0,0,1,0,1,1,0,1,0,0,0
0,1,1,1,1,1,0,1,0,1,0,0,1,1,1,0
0,1,0,0,0,1,1,1,0,1,0,0,0,0,0,1
0,1,0,1,0,0,0,1,1,1,1,1,0,1,0,1
0,0,0,0,0,0,0,0,0,1,0,0,1,0,1,0
0,1,0,1,0,0,0,0,0,1,0,0,1,0,0,1
0,1,1,0,1,1,0,1,0,1,0,0,1,0,0,0
0,0,0,1,0,0,0,0,0,1,0,0,0,0,0,0
0,1,0,1,1,0,0,0,0,0,0,0,1,0,0,0
0,1,1,1,1,1,0,0,1,1,0,1,1,1,0,1
0,1,0,1,1,0,1,1,0,1,0,0,1,0,0,1
0,0,1,1,0,1,1,1,0,0,0,0,1,0,1,0
0,1,1,1,1,1,1,1,0,1,1,0,1,1,1,0
0,0,1,1,0,1,0,1,0,0,0,0,0,0,0,0
0,1,0,1,0,0,0,0,0,1,0,0,0,0,0,0
0,1,1,1,1,1,0,1,1,1,1,1,1,1,1,0
1,1,1,1,1,1,1,1,0,1,0,1,1,0,0,0
1,1,0,1,0,1,1,1,0,1,0,0,0,0,0,0
0,1,0,1,0,0,0,1,1,1,0,0,0,0,1,0
0,1,0,1,0,0,0,1,1,1,1,0,1,1,1,0
0,0,0,1,0,0,0,1,0,0,0,0,0,0,0,0
0,0,0,1,1,0,0,1,0,0,0,0,0,0,0,0
0,1,1,1,1,0,1,1,0,1,0,0,1,0,0,0
0,1,0,1,1,1,0,1,0,1,0,0,1,0,0,0
0,1,0,0,0,0,0,0,1,1,1,0,1,0,1,0
0,1,1,1,1,1,1,1,1,1,1,0,1,1,1,1
0,0,1,1,0,1,0,0,0,0,0,0,0,0,0,0
1,1,0,1,0,0,1,1,0,0,0,0,0,0,1,0
0,1,1,1,0,1,1,0,0,1,0,0,1,1,1,1
1,1,1,1,0,1,1,1,0,0,0,0,1,0,1,0
1,1,1,1,0,1,1,1,0,1,0,0,1,1,0,1
0,1,0,0,0,0,0,0,0,1,0,0,1,0,1,0
0,1,1,1,0,0,0,0,0,0,0,0,1,0,0,0
0,1,0,0,0,0,0,0,0,1,1,0,1,1,1,1
0,1,0,1,0,0,0,0,0,1,0,0,0,0,0,0
0,1,0,1,1,0,0,1,0,1,0,0,1,0,1,1
0,1,0,1,1,1,0,1,0,0,0,0,1,0,0,0
1,1,1,1,1,1,1,1,0,1,0,0,1,1,1,1
1,1,1,1,1,1,1,1,1,1,1,1,1,1,1,1
0,0,0,1,0,0,0,0,0,1,0,0,1,0,0,0
0,0,0,1,0,0,0,0,0,1,0,0,0,0,1,0
0,1,0,1,0,0,0,0,0,1,1,0,1,1,1,1
0,0,0,0,0,0,0,0,0,1,0,0,0,0,1,0
0,1,0,1,0,1,0,0,1,1,0,1,1,1,0,0
0,1,0,0,0,1,0,0,0,1,0,0,1,1,1,0
0,1,0,1,1,1,0,1,0,0,0,1,1,1,0,1
0,0,1,0,0,0,0,0,0,0,0,0,1,0,0,0
0,1,0,1,0,0,0,0,0,1,0,0,0,0,0,0
0,1,0,0,0,0,0,0,0,0,0,0,0,0,0,0
0,1,0,1,0,0,0,0,1,1,1,0,1,1,1,0
0,0,1,0,0,1,1,1,0,0,0,0,1,0,0,0
0,1,0,1,1,0,1,0,0,1,0,1,1,0,1,0
0,1,0,1,1,0,0,1,0,1,1,0,1,1,1,1
0,0,0,0,0,0,0,1,0,1,0,0,1,0,0,0
0,0,0,1,0,1,0,1,0,1,0,0,0,0,0,0
0,1,0,1,1,0,0,1,0,0,0,0,1,0,0,0
0,0,0,1,0,0,1,0,0,1,0,1,1,1,0,1
0,1,0,0,0,0,0,1,0,1,1,0,1,1,0,1
0,1,1,1,0,0,1,1,0,1,0,0,1,1,0,0
1,1,0,1,1,1,1,1,0,1,0,0,1,0,0,0
0,1,1,1,0,1,0,1,0,1,0,1,1,1,1,0
0,1,0,1,0,1,0,1,0,1,1,0,1,1,0,1
0,1,1,1,0,0,0,1,0,1,0,0,1,1,1,1
1,1,1,1,1,1,1,1,0,1,1,0,1,0,1,1
0,1,1,1,0,0,1,1,1,1,1,0,1,1,1,0
1,1,0,1,0,1,1,1,1,1,1,1,1,1,1,0
0,1,1,1,0,1,0,1,1,1,0,0,1,0,0,0
0,1,1,1,1,1,0,0,1,1,0,1,1,0,0,1
0,1,0,1,0,0,0,0,0,0,0,0,1,1,0,0
0,0,1,0,1,0,1,0,0,1,0,0,1,1,1,1
0,0,0,1,0,0,0,0,1,1,0,0,1,0,0,0
0,1,1,1,1,0,0,1,0,1,0,0,1,1,1,0
0,1,0,1,1,1,1,1,0,1,0,0,0,0,0,0
0,0,0,1,0,0,0,1,0,1,0,0,0,1,1,0
0,0,0,1,1,1,0,1,0,1,0,0,1,0,0,0
0,1,1,1,0,1,1,1,0,1,0,0,1,0,1,1
0,1,0,0,0,0,0,0,0,0,0,0,1,0,0,0
0,1,0,0,0,0,1,1,0,0,0,0,1,0,0,1
0,1,0,1,0,0,0,1,0,1,0,0,1,0,1,0
0,1,1,1,1,0,0,1,0,0,0,0,1,0,0,0
0,1,0,1,0,0,0,1,0,1,0,0,0,0,0,0
0,0,1,0,1,0,0,0,0,0,0,0,0,0,0,0
0,1,0,1,0,0,0,1,0,1,0,0,1,0,0,0
0,1,0,1,0,0,0,1,0,1,0,0,0,0,0,0
0,1,1,1,0,0,1,0,0,0,0,0,1,0,0,0
0,0,0,0,0,0,0,0,1,1,1,0,1,1,0,0
0,1,0,1,0,0,1,1,1,1,1,1,1,1,0,0
1,1,0,1,1,1,0,0,1,1,1,1,0,0,0,0
1,1,1,1,1,1,1,1,1,1,0,1,1,1,1,1
1,1,1,1,0,1,0,1,0,1,1,0,1,1,1,0
0,1,0,1,0,0,0,1,0,1,0,0,1,0,1,0
0,0,1,0,0,0,0,0,0,1,0,0,0,0,0,0
0,1,0,0,0,0,0,1,0,1,0,0,1,0,0,0
0,0,0,0,0,1,0,0,0,1,0,0,0,0,1,0
0,0,0,1,0,1,0,0,0,0,0,0,0,0,0,0
0,1,0,1,0,1,0,1,0,0,0,0,0,0,0,0
0,1,1,1,0,1,0,1,0,1,1,0,1,1,0,0
0,1,0,1,0,0,0,1,1,1,0,1,1,1,1,1
0,1,0,0,0,0,0,0,0,1,0,0,1,1,0,1
0,0,0,1,0,0,0,0,0,1,0,0,0,0,0,0
0,1,1,1,1,0,0,1,0,1,0,0,1,0,0,1
0,0,1,0,1,1,0,1,0,1,0,0,0,0,0,0
0,0,0,0,1,0,0,0,0,0,0,0,1,0,1,0
0,0,1,1,0,1,0,0,0,0,0,0,1,0,0,0
0,0,1,1,0,1,0,0,1,1,1,1,1,0,0,0
0,1,0,1,0,1,0,0,0,0,0,0,1,0,1,0
0,1,0,0,0,0,0,0,0,1,0,1,1,0,1,0
0,1,0,1,0,0,0,0,0,1,0,0,1,0,0,0
0,1,0,0,1,0,0,1,0,0,0,0,0,1,1,0
1,1,1,1,1,1,1,1,1,1,1,0,1,1,1,1
1,1,1,1,0,0,1,0,0,1,0,0,0,0,0,0
0,0,1,1,0,0,0,1,0,1,0,0,1,1,1,0
0,0,0,0,0,0,0,0,0,1,0,1,1,0,0,0
0,1,0,1,0,0,0,1,0,1,0,0,0,0,1,0
0,1,0,1,0,1,1,0,0,0,0,1,1,0,1,1
0,1,0,0,0,0,0,1,1,1,1,0,0,1,1,1
0,0,1,1,0,0,0,0,1,1,0,0,1,1,1,1
0,1,1,1,0,1,0,1,1,1,0,1,1,1,1,1
0,0,0,1,0,0,0,1,0,1,0,0,1,0,0,0
0,1,0,1,1,0,1,1,0,1,0,0,1,1,1,1
0,0,0,0,0,0,0,0,0,0,0,0,1,0,0,0
0,0,0,1,0,1,1,0,0,1,1,0,1,0,1,1
0,1,1,1,0,1,0,1,0,1,0,0,0,1,1,0
0,1,1,1,0,1,1,1,0,1,0,0,1,1,0,1
0,1,0,0,0,1,0,0,0,1,1,0,1,1,1,1
0,1,1,1,0,1,0,1,1,1,1,0,1,0,1,1
1,1,1,1,0,0,1,1,0,1,0,0,1,0,1,1
0,1,1,1,1,1,1,1,0,1,0,0,1,1,0,0
0,0,0,1,0,0,0,0,0,1,0,0,0,0,0,0
0,0,0,0,0,0,0,0,0,1,0,0,0,0,0,1
0,0,1,1,0,0,0,1,1,1,0,0,1,0,0,0
0,0,0,1,0,0,0,0,0,1,0,0,1,0,1,1
0,0,0,0,1,0,0,0,0,0,0,0,0,0,0,0
0,1,1,1,1,0,1,1,0,1,0,0,1,1,0,1
0,0,0,1,0,0,0,1,0,1,0,0,0,0,1,0
0,1,0,1,0,1,0,0,0,1,1,1,1,0,0,1
1,1,1,1,0,1,1,1,1,1,1,1,0,1,1,1
0,1,0,1,1,1,0,1,0,1,0,1,1,1,0,1
0,1,0,1,0,0,1,1,1,1,0,1,1,1,1,1
0,1,1,1,1,1,1,1,1,0,0,0,1,0,0,0
1,1,1,1,1,1,1,1,0,1,0,1,1,1,1,1
0,1,1,1,0,0,0,1,0,1,1,0,0,0,0,0
0,0,0,1,0,1,1,0,0,1,1,0,1,1,1,0
0,1,1,1,0,0,0,0,0,1,0,0,1,0,1,0
1,1,1,1,0,0,1,1,0,1,1,0,1,1,0,0
0,0,0,0,0,0,0,1,0,0,0,0,0,0,0,0
0,1,0,1,0,0,1,1,0,1,0,0,1,0,0,0
1,1,0,1,0,0,1,1,1,1,0,0,1,1,1,0
0,0,1,0,1,0,0,1,0,1,0,0,1,0,0,0
0,0,0,1,0,1,0,0,0,1,1,0,1,0,1,1
0,0,1,1,0,1,0,1,0,0,1,0,1,1,1,0
0,0,0,0,0,0,0,0,1,0,0,0,0,0,0,0
0,1,0,1,1,0,1,1,0,1,0,1,0,0,0,0
0,0,0,0,1,0,1,0,0,1,0,0,1,0,0,0
0,0,0,1,0,0,1,1,0,1,0,0,1,1,0,0
0,1,1,1,1,0,0,1,0,0,0,0,1,1,1,0
0,0,0,0,0,0,0,0,0,0,0,0,0,0,0,0
0,1,1,1,0,0,0,1,1,1,0,0,1,0,0,0
0,1,1,1,1,1,0,0,0,1,0,0,1,0,1,0
0,1,0,1,1,1,1,1,1,1,1,0,1,1,1,1
0,1,1,1,0,0,0,1,0,0,0,0,1,0,0,0
0,1,0,1,0,1,0,1,0,1,0,0,0,0,0,0
1,1,1,1,0,1,0,1,0,1,0,0,1,1,0,0
0,0,1,0,0,0,0,0,0,0,0,0,1,0,0,0
0,1,0,1,0,0,0,0,0,1,0,1,1,1,1,0
0,1,0,1,1,1,0,0,0,1,0,0,0,1,1,0
0,0,0,0,0,0,0,0,0,0,0,0,0,0,0,0
0,0,0,0,0,0,0,1,1,1,0,0,1,0,1,0
0,1,1,1,0,1,1,0,0,1,0,0,1,0,1,0
0,1,0,1,0,1,1,1,0,1,0,0,1,0,0,0
1,1,1,1,1,0,0,1,0,1,1,0,1,1,1,0
0,1,1,1,1,1,1,1,1,1,0,1,1,1,1,0
0,1,1,1,1,0,1,1,1,1,1,1,1,1,1,1
1,0,0,1,0,0,0,1,0,1,0,0,1,0,0,0
0,1,0,0,0,1,0,1,0,1,0,0,1,0,1,0
0,0,0,1,1,0,0,0,0,0,0,0,0,0,0,0
0,0,0,1,0,0,0,1,0,1,1,1,1,0,0,1
0,0,1,1,0,0,0,1,1,1,0,0,1,0,0,0
0,0,1,1,0,0,1,0,0,1,0,0,1,0,1,0
1,1,0,1,0,1,1,1,0,0,0,0,1,1,0,1
0,0,0,1,0,0,0,0,0,1,0,0,1,1,0,1
0,1,0,0,0,0,1,0,0,1,0,0,0,0,1,0
1,1,1,1,1,1,1,1,0,1,0,0,1,1,1,1
0,1,1,1,0,1,0,1,0,1,0,0,0,0,0,0
0,1,1,1,1,1,1,0,1,1,1,0,1,1,0,1
1,1,0,0,0,1,0,0,1,0,0,0,0,1,0,0
0,0,0,1,0,0,0,1,0,0,0,0,1,0,0,0
0,0,0,1,0,0,0,0,1,1,0,0,1,0,1,0
0,0,0,1,0,0,0,1,0,1,0,0,0,1,1,0
0,1,1,1,0,1,1,1,0,1,0,1,1,1,1,1
0,1,1,1,0,0,0,0,1,1,1,1,1,1,1,1
1,1,0,1,1,0,0,1,0,0,0,0,1,0,0,0
0,0,0,0,0,1,0,0,0,0,0,0,0,0,0,0
0,0,0,1,0,0,0,0,0,1,0,0,0,0,0,0
0,1,0,1,0,1,1,1,1,1,1,0,1,0,1,0
0,0,0,1,1,0,0,0,0,1,0,0,0,1,0,0
0,1,1,1,0,0,0,0,0,1,1,0,1,1,0,0
1,0,0,0,0,0,0,1,0,1,0,0,1,0,0,0
0,1,0,0,1,0,0,0,1,1,1,0,1,0,1,1
0,1,0,1,0,1,0,1,1,1,0,0,1,0,1,1
0,1,0,1,0,1,1,1,1,0,0,0,1,0,0,0
0,0,0,0,0,1,0,1,1,1,0,0,0,0,0,0
1,1,1,1,1,1,1,1,0,1,0,0,1,1,1,0
0,1,1,1,1,1,0,1,0,1,0,0,0,0,1,0
0,0,0,1,0,0,0,1,0,1,0,0,0,1,1,0
1,1,0,1,0,0,0,1,0,1,0,0,1,0,0,1
1,1,0,1,0,1,1,1,1,1,1,1,1,1,1,1
0,1,1,1,1,1,0,1,0,1,1,1,1,0,1,1
0,1,1,1,1,1,1,0,0,1,0,0,1,0,1,0
0,0,0,0,1,1,0,0,0,0,0,0,1,0,0,0
0,1,0,1,0,0,0,1,0,1,0,0,1,1,1,0
0,1,0,1,0,0,0,0,0,1,1,0,1,0,0,0
0,1,0,1,0,0,0,0,0,0,0,0,1,1,1,1
0,1,1,1,1,1,0,1,1,1,0,0,1,0,1,1
0,0,0,0,0,0,0,0,0,1,0,1,1,0,0,0
0,1,0,0,0,1,0,0,0,1,0,0,0,0,0,0
1,1,0,1,0,1,1,1,0,0,0,0,1,0,0,0
0,1,0,1,0,0,0,0,0,0,0,0,1,0,0,0
0,0,0,0,0,0,0,0,0,0,0,0,1,0,0,0
0,1,0,1,0,1,1,1,0,0,0,0,0,0,0,0
0,1,1,0,0,1,0,1,0,0,1,0,0,0,0,1
0,1,0,1,0,0,0,0,0,0,0,0,1,0,0,0
1,1,1,1,1,0,0,1,0,0,0,0,1,0,0,0
1,1,0,1,1,1,0,1,1,1,1,1,1,1,0,1
0,0,0,1,0,0,0,1,0,1,0,0,0,0,1,0
0,0,0,0,0,0,0,0,0,0,0,0,0,0,0,0
1,1,1,1,1,1,1,1,0,0,0,0,0,0,0,0
0,0,0,1,0,0,1,0,0,0,0,0,0,0,0,0
1,1,0,1,0,1,1,1,0,0,0,0,0,0,0,0
1,1,1,1,0,1,1,0,0,1,1,0,1,0,1,1
1,1,0,1,1,1,1,0,0,1,1,1,1,1,1,0
0,0,0,0,0,0,0,0,0,1,0,0,1,0,1,1
1,1,1,1,0,1,0,1,0,1,0,0,1,0,0,0
1,1,0,1,0,1,0,1,0,1,1,0,1,0,1,0
0,1,0,1,0,0,1,0,0,0,0,0,1,1,0,0
0,1,0,1,1,0,0,1,0,0,0,0,0,0,0,0
0,0,0,0,0,0,1,1,0,1,0,0,1,0,0,0
0,1,0,1,0,0,0,0,0,1,0,0,1,0,1,0
0,0,1,1,0,0,1,1,0,1,0,0,1,0,0,1
0,1,0,0,0,1,1,1,0,0,0,0,1,0,0,0
0,0,0,0,0,0,0,1,0,1,0,0,1,0,1,1
0,1,0,1,0,0,1,1,0,1,0,0,1,1,0,1
0,1,1,1,0,0,0,0,0,0,0,0,1,0,0,0
0,1,0,1,1,1,0,1,1,1,1,0,1,1,1,1
0,0,0,1,0,0,1,0,0,0,0,0,0,1,1,0
1,1,1,0,1,0,1,1,0,1,0,0,1,1,1,1
0,0,0,1,1,1,0,1,0,0,0,0,1,0,0,0
0,1,1,1,1,1,0,1,1,1,0,0,1,1,1,1
0,1,0,1,0,1,1,0,0,0,0,0,1,0,1,0
0,1,0,1,0,1,0,1,0,1,0,0,1,0,1,0
0,0,0,0,0,0,0,0,0,0,0,0,0,0,1,0
1,1,0,1,0,1,1,1,0,1,0,0,1,1,1,1
0,0,1,1,0,0,0,0,0,1,1,0,1,1,0,1
0,1,1,1,0,1,1,1,0,0,0,0,1,1,1,0
0,0,0,1,0,0,1,0,0,1,0,0,1,0,0,0
0,0,0,1,0,1,1,0,0,0,0,0,0,0,0,0
1,1,1,1,1,1,1,1,1,1,1,1,1,1,1,1
0,1,1,1,0,0,1,1,0,1,0,0,1,0,1,0
0,1,0,1,0,0,0,0,0,1,0,0,1,1,1,0
0,0,0,1,0,0,0,0,0,1,0,0,1,1,0,1
0,1,0,1,0,0,0,1,0,1,0,0,1,1,1,0
0,0,0,1,1,0,0,1,0,1,1,1,1,1,1,1
0,1,1,1,0,0,0,0,0,0,0,0,1,0,1,0
0,1,1,1,0,1,0,1,0,0,0,0,1,0,0,1
0,1,1,1,0,0,1,1,0,0,1,0,1,0,0,0
0,1,1,0,1,0,0,1,0,1,1,0,1,0,0,0
0,1,0,1,1,1,0,1,0,1,0,0,1,1,0,0
0,1,1,1,0,0,0,1,0,1,0,0,1,0,0,1
0,0,0,1,1,1,1,1,0,0,0,0,0,1,0,0
0,0,0,0,0,0,0,0,0,0,0,0,1,0,0,0
0,0,0,0,0,1,0,1,0,1,0,0,0,0,0,0
1,1,0,1,1,1,0,1,0,1,0,0,1,1,1,0
0,0,0,1,0,0,0,0,0,1,0,0,1,0,0,0
0,0,0,1,0,0,0,0,0,1,0,0,1,0,0,0
1,1,1,1,1,1,1,1,0,1,0,0,1,0,0,0
0,0,0,1,1,1,0,1,0,1,0,1,1,0,1,1
1,1,1,1,1,1,1,1,0,1,0,1,1,0,0,0
0,1,0,1,0,0,0,0,0,1,1,0,1,1,0,0
0,0,0,1,0,0,0,1,0,1,0,0,0,1,0,0
0,1,0,1,0,0,1,1,0,1,0,0,1,0,0,0
0,1,0,0,0,0,0,1,0,1,0,0,1,0,0,0
0,1,1,1,0,1,1,0,0,0,0,0,1,0,1,0
1,1,1,0,0,0,1,1,0,1,0,0,1,0,1,0
0,1,0,1,0,1,1,1,1,0,0,0,0,0,0,0
0,1,0,1,0,0,1,1,0,0,0,0,1,0,0,1
0,1,0,1,1,1,0,1,0,1,0,1,1,0,1,0
1,1,0,1,1,1,0,0,1,1,1,0,1,1,1,0
0,1,1,1,0,0,0,0,0,1,0,1,1,1,1,0
0,0,0,0,0,0,0,0,0,1,0,0,1,0,1,0
0,1,0,0,0,0,0,0,0,1,0,0,1,1,0,0
1,1,1,1,0,0,0,1,0,1,0,0,1,1,0,0
0,1,1,1,0,0,0,1,0,1,0,0,1,0,1,1
0,1,1,1,1,0,1,1,1,1,1,0,1,1,1,1
0,1,0,1,0,1,0,0,0,1,0,0,1,0,0,0
0,1,1,1,1,0,0,1,0,0,0,0,0,1,0,0
0,1,1,1,1,0,1,1,0,1,1,1,1,0,1,0
0,1,1,1,0,0,0,1,0,0,0,0,1,0,1,0
1,0,1,1,0,1,1,1,0,1,0,0,0,1,0,0
0,0,0,1,0,0,1,0,0,0,0,0,0,0,0,0
1,1,1,1,0,1,0,0,0,1,0,0,1,0,1,0
0,1,0,1,0,0,0,1,0,1,0,1,1,1,0,1
0,0,1,1,0,0,1,0,0,1,0,0,1,1,1,0
0,1,1,1,1,1,0,1,0,1,0,1,1,1,1,0
0,1,0,0,0,0,1,0,0,1,0,0,0,0,0,0
0,0,1,1,0,0,0,0,0,1,0,0,1,0,0,1
0,0,0,1,0,0,0,0,0,1,0,0,0,0,0,0
0,0,0,1,0,0,0,0,0,0,0,0,0,0,0,0
1,1,1,1,0,1,0,1,0,1,1,1,1,1,0,0
0,1,0,1,1,0,0,1,0,0,1,1,1,1,1,1
0,0,0,1,0,1,0,0,0,1,0,0,1,0,1,0
0,0,0,1,0,0,0,1,0,1,0,0,0,1,1,1
0,1,1,1,0,0,0,0,0,0,0,0,0,0,0,0
1,1,1,1,0,1,1,1,0,0,0,0,1,0,1,0
0,0,0,1,0,0,0,1,0,0,0,0,0,0,0,0
0,1,0,0,0,1,0,0,1,1,0,1,0,1,1,1
0,1,0,0,1,0,1,0,0,0,0,0,1,0,0,0
0,1,0,0,0,0,0,0,0,1,1,0,1,1,0,1
1,1,1,1,0,0,0,1,1,1,1,1,1,0,1,0
0,1,1,1,1,0,1,0,0,0,0,0,1,0,1,0
0,1,1,1,0,0,0,1,0,0,0,0,0,0,0,0
0,0,0,1,0,0,0,0,0,1,0,0,0,0,0,0
0,1,0,0,0,0,0,0,0,0,0,0,0,0,0,0
0,1,0,0,1,0,0,0,0,1,0,0,1,1,0,0
0,0,0,1,0,0,0,0,0,1,0,0,0,1,0,0
0,1,0,1,0,1,1,1,1,1,1,1,1,1,1,1
0,1,0,1,0,0,0,0,0,1,0,0,1,0,0,0
0,0,0,1,0,0,0,1,0,0,0,0,0,0,0,0
1,1,1,1,0,1,0,1,0,1,1,0,1,1,0,1
1,1,0,1,0,1,0,1,0,1,0,0,0,0,0,0
1,0,1,1,1,1,0,1,0,1,1,0,1,1,0,1
0,1,1,1,0,1,1,1,0,0,0,0,1,0,0,0
0,1,1,1,0,0,1,1,1,0,0,0,0,0,0,0
0,1,0,0,0,0,0,0,0,0,0,0,0,0,1,0
0,1,1,0,0,0,0,0,0,1,0,0,1,1,0,1
0,0,0,0,0,0,0,0,0,0,0,0,1,0,0,1
0,1,0,1,0,0,0,0,0,1,0,1,1,1,1,1
0,0,0,1,0,0,0,1,0,1,0,0,1,0,0,0
0,0,0,1,1,0,0,1,0,1,0,0,0,0,1,0
0,1,1,1,1,0,1,0,0,0,0,0,1,0,1,0
0,0,0,0,0,0,0,0,0,1,0,0,0,0,0,0
0,0,0,0,0,0,0,0,0,1,0,0,0,0,0,0
0,1,0,0,0,0,0,0,0,1,0,0,1,0,0,0
0,0,1,1,0,0,0,0,1,0,0,0,1,0,0,0
0,1,0,1,0,0,0,1,0,1,1,0,1,0,1,0
0,1,0,1,0,1,1,1,0,1,0,0,1,0,0,0
0,0,1,1,0,0,0,0,0,0,0,0,0,0,0,0
1,1,1,1,1,0,1,0,0,0,0,0,1,1,0,0
0,1,0,1,0,0,0,0,0,1,1,0,1,1,1,0
1,0,1,1,1,1,1,1,0,1,0,0,0,0,0,0
0,1,0,0,0,0,0,0,0,0,0,0,1,0,0,0
0,0,1,1,1,1,0,1,0,0,0,0,1,1,0,0
0,0,0,1,0,0,0,1,0,1,0,0,1,0,0,0
1,1,1,1,1,0,0,1,0,1,0,0,0,0,0,0
0,0,0,0,0,0,0,0,0,1,0,0,0,0,0,0
0,0,1,1,0,1,1,1,0,1,1,0,1,1,1,1
0,1,0,1,0,1,0,0,0,1,0,1,1,0,0,0
0,1,0,1,0,0,0,1,0,1,0,0,1,0,1,1
0,1,0,1,1,0,0,1,1,1,0,1,1,1,1,1
0,0,0,1,0,0,0,0,0,1,1,1,1,1,1,1
1,1,0,1,1,0,1,1,1,1,1,0,1,1,0,0
1,1,0,1,0,1,0,0,0,0,0,0,0,1,0,0
0,1,1,1,1,0,1,1,0,1,0,0,1,1,1,0
0,0,0,0,0,1,0,0,0,1,1,0,1,1,1,1
0,1,1,1,1,1,1,1,1,1,1,1,1,0,1,1
0,1,0,0,0,0,0,0,0,0,0,0,0,0,0,0
1,1,1,1,0,1,1,1,0,1,0,0,1,1,1,1
0,1,0,1,0,1,0,0,1,1,0,0,1,0,0,0
0,0,0,0,0,0,0,0,1,1,0,0,1,1,1,1
1,1,0,1,0,0,0,1,0,0,1,0,1,1,1,0
0,1,1,1,1,0,0,1,0,0,0,0,0,0,1,0
1,1,0,1,1,0,1,1,0,1,0,0,1,0,0,1
0,1,0,1,0,0,0,0,0,1,0,0,0,0,0,0
0,0,0,0,0,1,0,0,0,1,0,0,1,0,1,1
0,0,0,0,0,0,0,0,0,0,0,0,0,0,0,0
1,1,0,1,0,1,0,1,0,0,0,0,0,0,1,0
0,0,0,0,0,0,0,0,0,1,0,0,1,1,0,0
0,1,1,1,0,1,0,0,0,1,0,0,1,0,1,0
0,1,1,1,0,1,1,1,0,1,0,0,1,0,1,1
0,1,1,1,1,0,0,1,0,0,0,0,1,0,0,0
0,1,0,1,0,0,0,1,0,0,0,0,1,0,0,0
1,1,0,1,1,1,0,1,0,1,0,0,1,0,0,0
0,1,1,1,0,0,0,1,0,1,1,0,1,1,1,0
0,0,0,1,0,0,0,1,0,0,0,0,1,0,0,0
0,1,1,1,0,0,1,1,0,1,0,0,1,0,1,0
0,0,1,1,0,0,0,0,0,1,0,0,1,1,0,0
1,1,1,1,1,0,1,1,0,0,0,0,0,0,1,0
0,1,0,1,1,0,0,0,0,1,1,1,1,0,1,1
0,0,0,1,0,0,0,1,0,1,0,0,1,0,0,0
0,1,0,1,1,0,1,0,1,1,1,0,1,1,1,1
0,0,0,1,0,0,0,0,0,1,0,0,1,0,1,0
0,0,0,1,0,0,0,1,0,0,0,0,1,0,0,0
0,1,0,1,0,0,0,1,0,1,0,0,1,0,1,0
1,1,1,1,1,1,1,1,0,1,0,0,1,0,0,0
0,1,0,1,0,1,1,0,0,0,0,0,1,0,0,1
0,0,0,1,0,0,0,0,0,1,0,0,1,0,0,0
0,1,0,0,0,0,0,0,0,1,0,0,0,0,0,0
0,0,0,0,0,0,0,0,0,1,1,0,1,1,0,0
0,0,0,1,0,0,0,1,0,0,0,0,1,0,0,0
0,1,1,0,0,0,0,0,1,1,1,0,1,1,1,1
0,0,0,1,0,1,0,0,0,1,0,0,1,1,0,0
0,1,0,1,0,0,1,1,0,0,0,0,1,0,1,0
0,1,1,1,0,0,0,0,0,1,1,0,1,1,1,1
0,0,0,1,0,0,0,0,0,0,0,0,0,0,0,0
0,1,0,1,0,1,0,1,0,1,0,0,1,0,0,0
1,0,0,1,0,0,0,0,0,1,0,0,1,0,0,0
1,1,1,1,1,1,1,1,1,1,1,0,1,1,1,1
0,1,1,1,0,0,1,1,0,1,0,1,1,0,0,0
0,1,0,0,0,0,0,1,0,1,0,0,1,0,0,0
0,1,1,0,0,1,1,1,0,0,0,0,0,0,0,1
0,0,1,1,0,1,1,1,0,1,0,0,0,0,1,0
0,1,0,1,1,0,0,1,0,1,0,0,1,0,0,0
0,0,1,1,0,1,1,1,0,1,0,0,0,0,0,0
1,1,0,1,0,0,0,0,0,1,0,0,1,1,0,1
1,1,1,1,1,1,1,0,0,1,0,1,1,0,1,0
0,0,1,1,1,1,0,0,0,1,0,0,0,0,0,0
1,1,1,1,1,1,1,1,1,1,1,0,1,1,1,0
0,1,1,1,0,0,0,1,0,1,0,1,1,1,1,0
0,0,0,1,0,1,0,0,0,1,0,0,1,0,1,0
0,0,0,1,1,1,0,1,0,1,0,0,1,0,0,0
1,1,1,1,1,1,1,1,0,1,0,0,1,1,1,1
0,0,0,1,0,0,0,1,0,0,1,0,0,0,1,0
0,0,0,0,0,0,0,0,0,1,0,0,1,0,0,0
0,1,1,1,0,0,0,1,0,0,0,0,1,0,0,0
0,1,0,1,1,1,0,1,0,1,0,0,1,0,0,0
0,1,1,1,1,1,1,1,1,1,0,0,1,0,0,0
0,0,0,0,0,0,0,0,0,1,0,0,1,0,0,0
0,0,0,0,0,0,0,0,0,0,0,0,0,0,0,0
0,0,0,1,0,0,0,0,0,1,0,0,1,0,1,0
0,1,1,0,0,0,0,0,1,1,1,1,1,1,1,1
0,1,0,1,0,0,0,0,0,1,0,0,0,0,0,0
1,1,0,1,0,0,0,1,1,1,1,0,1,1,1,1
0,0,1,0,0,0,0,0,0,1,0,0,0,0,0,0
0,1,1,0,1,0,0,1,0,1,0,1,1,0,1,1
0,1,1,1,1,0,0,1,0,1,0,1,0,0,1,0
1,1,0,1,0,0,0,1,0,1,0,0,1,0,1,0
0,0,0,1,0,0,0,0,1,1,0,1,1,1,1,1
0,1,0,1,0,0,0,0,0,1,0,0,1,0,1,0
0,1,0,1,0,1,0,0,0,1,0,0,1,0,0,0
0,1,1,1,0,1,1,1,0,1,0,0,1,1,0,0
1,1,1,1,0,0,0,1,1,1,1,1,1,1,1,1
0,1,0,0,0,0,0,0,0,1,1,0,1,1,1,1
0,1,0,1,0,0,1,0,0,1,1,0,1,1,1,1
0,0,0,0,0,0,0,0,0,0,0,0,0,0,0,0
0,0,0,1,1,1,0,0,0,1,0,0,0,0,1,0
0,1,0,1,0,1,0,1,0,1,1,0,1,0,1,1
0,1,0,1,0,0,0,0,0,1,0,0,0,0,0,0
0,1,1,1,0,1,1,1,1,1,1,0,1,0,0,1
0,1,1,1,1,0,0,1,0,1,0,0,1,0,1,1
0,1,1,1,0,0,1,1,0,1,0,0,0,0,0,0
0,0,0,0,0,0,0,0,0,0,0,0,1,0,0,0
0,1,1,1,0,1,1,1,0,1,0,0,0,0,0,0
0,1,0,1,0,0,0,0,0,1,0,0,1,0,0,0
0,0,0,1,1,0,1,0,1,1,0,0,1,0,0,0
0,0,1,1,0,1,0,0,0,1,1,0,1,1,1,0
0,0,0,1,0,1,0,0,0,0,0,0,1,0,0,0
0,1,1,1,1,0,1,0,1,1,1,0,1,1,1,0
0,1,0,1,1,0,1,0,0,0,0,0,1,0,1,0
0,0,0,1,0,0,0,0,0,0,1,0,1,1,0,1
0,0,1,1,0,0,1,0,0,1,0,0,1,0,1,1
0,1,0,1,0,0,0,0,0,0,0,0,1,0,0,1
0,1,1,1,1,1,1,1,0,1,1,0,1,0,1,1
0,1,0,1,1,1,1,1,0,1,0,0,1,0,1,0
0,1,1,1,0,0,0,1,0,1,0,0,1,0,1,1
0,1,0,0,0,0,0,0,0,1,0,1,1,1,1,0
0,1,0,1,0,0,0,0,0,1,0,1,1,0,1,1
0,0,0,0,0,0,0,0,0,1,1,0,1,0,0,1
0,1,1,1,1,1,0,1,0,0,0,0,1,0,0,0
1,1,1,1,1,1,1,1,1,1,1,1,1,1,1,1
1,1,1,1,1,1,1,1,0,1,0,1,0,1,0,0
0,0,1,1,0,0,1,1,0,0,0,0,0,1,0,0
0,1,0,1,0,0,0,0,0,1,1,0,1,1,1,1
0,1,0,1,0,1,1,1,0,1,0,1,1,0,0,0
0,1,0,0,0,0,0,0,0,0,0,0,0,0,0,0
0,1,0,1,0,0,0,0,0,1,0,1,1,1,0,1
0,1,0,0,0,0,0,1,0,1,0,0,0,0,1,1
0,1,0,1,1,0,0,1,0,1,0,0,1,0,0,0
0,0,0,0,0,0,0,0,0,1,1,1,1,1,1,0
0,0,0,0,0,0,0,0,0,0,0,0,0,0,0,0
0,1,1,0,0,0,1,0,0,0,0,0,0,0,1,0
0,0,0,0,0,0,0,0,0,0,0,0,1,0,0,0
0,1,0,1,1,1,1,1,1,1,1,1,1,1,1,1
0,1,0,0,0,0,1,1,0,1,0,1,1,0,0,1
0,1,1,1,1,0,0,1,0,1,0,0,1,0,1,1
0,1,0,1,0,0,0,1,0,0,0,0,0,0,0,0
0,1,1,1,0,1,1,1,0,0,0,0,0,1,0,0
0,1,1,1,0,0,1,1,0,1,0,1,1,1,1,0
1,1,0,1,0,1,0,1,0,1,1,0,1,0,1,0
0,1,0,1,1,0,0,0,0,1,1,0,1,1,1,0
0,1,0,0,0,0,0,1,0,0,0,0,0,0,0,0
0,0,0,1,0,0,1,0,0,1,0,0,1,0,1,1
0,0,0,0,0,1,0,0,0,1,0,0,1,1,0,1
0,1,0,0,0,0,0,0,0,1,0,0,1,0,0,0
0,1,1,1,0,1,1,1,0,1,0,0,1,1,0,1
0,1,0,1,1,1,1,1,0,1,0,0,1,0,1,0
0,1,0,1,0,0,0,0,0,1,0,0,0,0,1,0
0,1,0,0,0,0,1,0,0,0,0,0,1,0,1,0
1,1,0,0,1,1,1,1,1,1,0,1,1,0,0,1
0,1,1,1,0,1,0,1,0,1,0,0,1,0,1,0
0,1,0,1,0,1,0,1,0,1,0,0,0,0,0,0
1,1,1,1,1,1,1,1,0,1,1,1,1,1,0,1
0,1,0,1,0,0,0,0,0,1,0,0,1,0,0,0
0,0,0,0,0,0,0,0,0,1,0,0,1,1,1,0
0,1,0,1,0,1,0,1,0,1,0,0,0,0,0,0
0,1,0,1,0,0,0,0,0,0,0,0,1,0,0,0
0,1,1,1,0,0,0,1,0,1,0,0,1,0,0,1
1,0,0,1,0,0,0,1,1,1,0,0,1,1,1,0
0,0,1,1,1,1,0,1,0,0,0,0,0,0,0,0
0,1,0,1,1,0,0,1,0,0,0,0,1,1,0,0
0,1,0,1,1,0,0,0,0,1,0,0,0,0,1,0
0,1,0,1,1,1,0,0,0,1,0,0,1,0,0,0
0,1,0,1,1,0,0,1,1,1,1,0,1,1,1,0
0,1,0,1,1,1,0,0,0,1,1,0,1,1,1,1
0,0,0,1,0,0,0,0,0,0,0,0,1,0,0,0
0,0,1,0,0,0,0,0,0,0,0,0,1,0,0,0
1,0,0,1,1,1,0,1,0,0,0,0,1,0,0,0
1,1,1,1,0,1,1,1,0,1,0,0,1,1,0,0
1,1,0,1,1,1,1,1,1,0,0,0,0,0,0,0
0,1,1,1,0,1,1,1,0,1,0,0,1,0,0,0
0,0,0,1,0,0,0,1,0,0,0,0,1,0,0,0
1,1,1,1,1,1,1,1,1,1,1,0,1,1,0,1
0,0,0,1,0,0,0,0,0,1,0,0,1,0,1,1
0,1,1,0,0,0,0,1,0,1,1,0,1,1,1,0
0,1,1,1,0,1,1,1,0,0,0,0,1,0,0,0
0,0,0,1,0,0,0,1,0,1,1,1,1,1,1,1
0,0,0,1,0,0,0,0,0,0,0,0,1,0,0,0
0,0,1,1,0,1,0,0,0,1,1,0,1,0,1,0
0,0,0,1,1,0,0,0,0,1,1,0,1,1,1,1
0,1,1,1,0,0,0,0,0,1,1,1,1,1,1,1
0,1,0,0,0,0,0,0,0,1,0,0,1,0,0,0
1,1,0,1,0,0,1,1,0,1,1,0,1,0,1,0
0,1,1,1,0,0,1,0,1,1,0,0,1,1,0,1
0,1,0,1,1,0,0,1,1,1,1,0,1,1,1,1
0,1,0,1,0,1,0,0,0,0,0,0,0,1,0,0
0,1,0,1,0,0,0,1,1,1,0,0,1,0,0,0
0,1,0,0,0,0,0,0,0,1,1,0,1,1,0,0
0,0,0,1,0,0,0,0,0,0,0,0,0,0,0,0
1,1,0,1,1,1,0,0,0,1,1,1,1,1,1,1
0,1,0,1,0,0,0,1,0,1,0,0,1,1,1,0
1,1,0,1,1,1,1,1,0,1,0,0,1,0,0,0
0,0,0,1,0,0,0,0,0,1,0,0,1,0,0,0
0,1,1,1,1,1,1,1,0,1,0,0,1,0,1,0
0,1,1,1,0,1,0,1,0,0,0,0,0,0,0,0
0,1,0,1,1,0,0,1,0,1,0,0,0,0,0,0
0,0,0,1,0,0,0,0,0,1,0,0,1,0,0,0
1,0,1,1,1,0,0,1,1,1,1,1,1,1,1,1
0,0,0,0,1,0,0,0,0,1,0,0,0,1,0,1
0,0,0,1,0,0,0,0,0,0,0,0,0,0,0,0
0,0,0,1,0,0,1,0,0,1,1,0,1,1,0,1
0,0,0,0,1,0,0,0,0,1,0,0,0,0,0,0
1,1,0,1,1,1,0,1,0,0,0,0,0,1,0,1
0,1,0,1,1,0,0,1,0,1,0,1,1,0,1,1
0,0,1,1,0,0,0,0,0,0,0,1,1,0,0,0
0,1,0,1,0,1,0,1,1,1,1,1,1,1,1,1
0,1,0,0,0,0,0,0,0,1,0,0,1,0,0,0
1,1,1,1,1,1,1,1,0,1,0,1,1,0,1,0
1,1,1,1,1,1,0,1,1,1,1,1,1,1,1,1
0,0,0,1,0,0,0,1,1,1,1,0,1,1,0,0
1,1,0,1,0,0,0,1,0,1,1,0,1,0,0,0
0,0,1,1,1,0,0,1,0,0,0,0,0,0,0,0
0,0,1,0,1,0,0,1,0,1,1,0,1,1,1,1
0,0,0,1,0,0,0,1,0,0,0,0,1,0,0,0
0,1,0,0,0,1,0,1,0,1,0,0,1,0,0,1
0,0,0,0,0,0,1,1,0,0,0,0,1,0,0,0
0,1,0,1,0,1,0,1,0,1,0,0,1,0,0,0
0,1,0,0,1,0,0,1,0,0,0,0,1,0,1,0
0,1,0,0,0,0,0,1,0,0,0,0,0,0,0,0
0,0,0,1,0,0,0,1,1,1,0,1,1,0,1,0
0,0,0,1,0,0,0,1,0,1,0,0,1,0,1,0
1,1,1,0,1,1,1,1,0,0,1,0,1,0,1,0
0,1,0,0,0,0,1,0,0,1,0,1,1,1,0,1
0,1,0,1,1,0,1,0,0,1,0,0,1,0,1,0
0,1,0,1,0,0,0,1,0,1,0,1,1,0,0,0
0,0,0,1,0,1,1,0,0,1,0,0,0,0,0,1
0,0,0,1,0,0,0,0,1,1,0,0,0,0,0,0
0,0,1,0,0,0,0,1,1,1,1,0,1,1,1,1
1,1,1,1,1,0,1,1,0,1,1,1,1,1,0,1
0,0,1,1,0,1,1,1,0,1,0,0,1,0,1,1
0,1,0,0,0,0,0,0,0,1,0,1,1,0,1,0
0,1,0,0,1,1,1,1,0,1,1,0,1,0,1,0
1,1,1,1,0,1,1,1,1,1,0,0,1,0,1,1
0,0,1,1,0,0,0,1,1,1,1,0,0,0,0,1
0,1,1,1,0,0,0,1,1,1,0,0,1,1,1,1
1,1,1,1,0,1,1,1,0,1,0,0,0,0,0,0
0,1,1,1,0,0,1,0,0,1,0,0,0,0,0,0
1,0,0,1,0,0,1,0,0,1,0,0,1,0,0,0
0,0,0,1,0,1,0,0,0,1,0,0,1,0,0,0
0,0,0,1,0,0,0,0,0,0,0,0,1,0,0,0
0,1,0,1,1,1,0,0,1,1,1,1,1,1,1,1
1,0,0,1,0,0,0,1,0,1,0,0,1,1,1,1
0,0,1,1,0,0,0,1,0,0,0,0,0,0,0,1
0,0,0,0,0,0,0,0,0,1,1,0,0,1,1,0
0,1,0,1,1,0,0,0,0,1,1,0,1,0,1,0
1,1,0,1,0,1,1,1,0,0,0,1,1,1,0,1
0,1,1,1,0,0,0,0,0,1,0,1,0,0,1,0
1,1,1,1,1,0,1,1,0,0,1,0,1,0,1,0
0,0,0,1,0,0,0,1,0,1,0,0,1,1,0,0
0,1,1,1,1,1,0,1,1,1,1,1,1,1,1,1
1,0,1,0,0,0,0,0,0,1,0,1,1,0,0,1
0,1,1,1,0,0,0,1,1,1,1,0,1,0,1,0
0,1,0,1,1,0,1,1,0,1,1,0,1,0,1,0
0,0,0,1,0,0,0,0,0,1,0,0,1,0,1,0
0,1,0,1,0,0,0,1,0,1,0,0,1,0,1,0
0,0,0,1,0,1,0,0,0,1,0,1,1,0,0,1
0,1,0,1,1,1,0,1,0,1,1,0,1,1,1,0
0,1,0,1,0,0,0,0,0,0,0,0,0,0,0,1
0,1,0,0,0,0,1,1,0,1,0,0,1,0,0,0
0,1,0,0,0,0,1,1,0,0,0,0,0,1,0,1
0,1,1,1,0,0,0,1,0,1,0,0,1,0,1,0
0,0,0,1,0,0,0,1,0,1,0,0,1,1,0,0
1,1,1,1,1,1,1,1,0,0,0,0,1,0,0,0
0,0,0,1,0,0,0,1,0,1,0,0,1,0,1,0
0,1,1,1,1,1,0,0,1,1,0,0,1,1,1,1
1,1,1,1,0,1,0,1,0,1,0,1,1,1,0,1
0,1,0,0,0,0,0,1,0,1,0,0,1,0,0,0
1,1,1,1,1,1,1,1,1,0,1,1,0,1,1,1
0,1,0,1,0,1,0,0,1,1,0,0,1,0,1,1
0,0,0,0,1,0,0,0,0,1,0,0,0,0,0,0
0,0,1,1,1,0,0,1,0,0,0,0,1,0,0,0
0,0,0,1,0,0,1,1,0,1,0,1,1,1,1,0
1,1,1,1,0,1,1,1,0,0,0,0,1,0,0,0
0,1,0,0,0,1,1,1,0,1,0,0,0,0,0,0
1,0,1,1,0,1,1,1,0,1,0,1,1,1,1,0
1,1,1,1,1,1,0,1,1,1,1,1,1,1,0,1
1,1,0,1,0,0,0,0,0,1,0,1,1,0,0,1
0,1,0,0,0,0,0,1,0,1,0,0,1,1,1,1
0,1,0,0,0,0,0,0,1,1,0,1,1,1,1,1
0,0,0,1,0,0,0,0,0,0,0,0,1,0,1,0
0,1,0,1,0,1,0,1,1,1,1,0,1,0,1,0
0,0,1,1,0,0,0,0,0,1,1,0,1,1,0,0
0,1,1,1,0,0,0,1,0,0,0,0,1,0,0,0
0,1,0,1,0,0,0,0,0,0,0,0,0,0,1,0
0,1,0,0,0,0,0,0,0,1,0,0,0,1,0,0
0,0,0,1,1,1,0,0,0,1,0,1,1,0,0,0
0,1,1,1,1,0,1,1,0,1,1,0,1,1,1,1
0,0,0,1,0,0,0,1,0,1,1,0,1,1,1,1
0,0,0,1,1,0,1,1,0,1,0,0,1,1,1,0
1,1,1,1,0,0,1,1,0,1,0,0,1,0,1,1
0,0,0,1,0,0,0,1,0,0,0,0,0,0,1,0
0,1,0,1,0,0,1,0,0,0,0,0,1,0,0,0
0,0,1,1,1,0,1,0,0,0,0,0,0,0,0,0
1,1,0,1,1,1,1,0,1,1,0,0,1,1,1,1
0,0,1,1,0,0,0,0,0,1,0,0,0,0,0,0
0,1,0,0,0,0,0,1,0,0,0,0,1,0,0,0
0,1,1,1,0,0,1,1,1,1,1,1,1,1,1,1
0,0,0,1,1,0,1,1,0,1,0,0,0,0,0,1
0,1,1,1,1,0,0,0,0,1,0,0,1,1,0,0
1,1,1,1,0,0,1,0,0,1,0,0,1,0,1,0
0,0,0,1,1,0,0,0,1,1,0,1,1,1,1,1
0,1,0,0,0,1,0,1,0,0,0,0,0,1,0,0
1,1,1,1,1,1,0,1,0,1,0,0,1,1,0,0
0,0,1,1,1,1,0,1,1,1,1,1,1,0,0,1
0,0,0,1,0,0,0,0,0,0,0,0,1,0,0,0
0,0,0,1,0,0,0,0,0,1,0,0,1,1,0,1
0,0,1,0,0,0,0,1,0,1,0,0,1,0,0,0
1,1,0,0,0,0,0,0,0,1,1,0,1,0,0,0
0,1,0,1,0,0,0,0,0,1,0,0,1,1,1,1
0,1,1,1,0,1,1,1,0,1,0,0,0,0,1,0
0,1,1,1,1,1,1,1,0,1,0,0,0,0,1,0
0,1,1,1,1,1,1,1,0,1,0,0,1,0,0,0
0,1,0,1,0,1,0,1,0,1,0,0,1,0,1,0
0,1,0,1,0,0,0,1,0,1,0,0,1,0,0,0
1,1,1,1,1,1,0,1,1,1,0,0,1,0,1,0
1,1,1,1,0,1,1,1,0,0,0,0,1,0,0,0
0,0,0,1,0,0,0,1,1,1,1,0,1,1,1,1
0,1,1,1,0,0,0,1,1,1,0,0,1,1,1,0
0,1,0,0,0,0,0,0,0,1,0,0,1,1,0,1
0,0,0,1,0,0,0,1,0,1,1,0,1,1,0,0
0,1,0,1,0,0,1,1,1,1,1,0,1,1,1,1
0,1,0,1,0,1,1,0,0,1,0,0,1,1,1,1
0,1,0,1,0,0,0,1,1,1,0,0,1,1,1,0
1,1,1,1,1,1,1,1,0,1,1,0,1,1,1,1
0,1,1,1,0,1,1,1,0,1,0,0,1,0,1,0
0,0,1,1,0,1,0,1,0,1,0,1,1,0,0,0
0,1,1,1,1,1,1,1,0,1,0,1,0,0,0,1
0,0,1,1,0,0,0,0,0,1,1,0,1,1,0,1
0,0,0,1,0,1,0,0,0,1,0,1,0,0,0,1
0,0,0,1,0,0,0,0,1,1,1,0,1,1,0,1
0,0,0,1,0,0,0,0,0,0,0,0,0,0,0,0
0,1,0,1,1,0,1,0,0,0,0,0,1,0,0,0
0,1,1,1,1,1,0,1,0,1,0,1,1,1,1,1
1,1,1,1,1,1,1,1,1,1,1,1,1,1,1,1
0,1,1,1,0,1,0,1,1,1,0,0,0,1,1,0
0,1,0,1,0,0,0,1,0,1,0,0,1,1,1,0
0,1,1,1,1,0,0,1,0,0,0,0,1,1,1,0
0,1,1,1,0,0,0,0,0,1,0,0,1,1,1,0
0,0,1,1,0,1,1,1,0,0,0,0,1,0,0,0
0,1,1,1,0,0,1,1,1,1,0,0,1,0,1,0
0,0,0,1,0,0,0,1,0,1,0,0,1,0,0,0
0,0,1,1,0,0,1,1,1,1,1,0,1,1,1,0
1,1,1,1,1,0,1,1,0,0,0,0,0,1,0,0
0,1,0,1,1,0,1,0,0,1,1,0,1,0,1,0
0,0,0,0,0,0,0,0,0,1,0,0,1,1,1,0
0,0,0,1,0,0,0,0,0,1,0,0,0,0,0,0
1,1,0,1,0,0,0,1,0,0,0,0,1,0,0,0
0,0,1,1,0,0,0,1,0,0,0,0,1,0,0,0
0,0,0,0,0,0,1,0,0,1,0,0,1,0,0,0
0,1,1,0,0,0,0,0,0,1,1,0,1,1,1,1
0,1,1,1,1,0,0,1,0,1,1,0,1,0,0,0
1,1,1,1,1,1,1,1,0,1,1,1,1,1,1,1
1,1,0,1,0,0,1,1,1,1,1,1,1,1,1,0
0,1,0,0,0,0,0,0,0,0,0,0,0,0,1,0
0,0,1,1,1,0,0,0,0,1,0,0,1,0,1,1
0,1,1,1,1,0,1,1,0,1,0,0,1,1,0,1
0,1,0,0,0,0,0,0,0,1,0,0,0,0,0,0
0,1,0,0,1,0,0,0,0,1,1,0,1,0,1,1
0,1,1,1,1,1,0,1,0,1,0,0,0,0,0,0
0,0,1,1,0,0,1,1,0,1,1,0,1,0,1,1
0,0,1,1,0,1,0,1,0,1,0,0,1,0,1,0
0,1,0,1,0,0,0,0,0,1,0,1,1,1,1,1
0,0,0,0,0,0,0,0,0,0,0,0,1,0,0,0
0,1,1,1,0,0,1,1,0,1,0,0,1,1,0,0
1,1,1,1,0,1,0,0,0,0,0,0,1,1,0,0
0,1,1,1,1,1,1,1,1,1,1,1,1,0,1,1
0,1,0,1,0,0,0,1,0,1,0,0,0,0,0,0
0,1,1,1,0,1,0,1,0,1,1,1,1,1,1,0
0,0,0,1,0,0,0,0,0,1,0,0,1,1,0,0
0,0,0,0,0,0,0,0,0,0,0,0,1,0,1,0
0,1,0,1,0,0,1,1,0,1,1,0,1,0,1,0
0,1,0,1,0,0,0,1,0,0,0,0,1,0,0,0
0,0,0,1,0,0,0,0,0,0,0,0,0,0,0,0
0,0,0,1,0,0,0,0,0,1,1,0,1,1,1,0
0,1,0,1,0,0,1,1,0,0,0,0,0,0,0,0
0,1,0,1,0,1,0,0,1,1,0,0,1,0,0,0
0,0,0,1,0,0,0,0,0,0,0,0,0,0,0,0
0,1,0,1,1,0,0,1,1,1,0,0,1,1,1,0
0,1,1,1,1,1,0,1,1,1,1,0,1,1,1,1
0,0,0,0,0,0,0,0,0,0,0,0,1,0,0,0
0,0,0,1,0,0,0,1,0,0,0,0,0,0,0,0
0,1,0,1,0,0,0,0,0,0,0,0,0,0,0,0
0,1,0,1,1,1,0,1,0,1,1,1,1,1,1,0
0,1,0,0,0,0,0,0,0,0,0,0,0,0,0,0
0,1,1,1,0,0,0,1,0,1,0,1,1,1,0,1
1,1,1,1,1,1,0,1,0,0,0,0,1,0,1,0
0,1,1,1,0,0,1,1,1,1,0,0,1,0,0,1
0,1,0,1,0,1,0,1,0,1,1,0,1,0,0,0
0,1,1,1,0,1,1,1,0,1,0,1,1,0,0,0
0,0,0,0,1,0,0,0,0,0,0,0,0,0,0,0
0,0,0,0,0,0,0,0,0,1,0,0,0,1,1,1
1,1,1,1,1,1,1,1,0,1,0,1,1,1,0,1
0,1,0,1,0,0,0,1,0,1,0,0,0,0,1,0
0,0,0,1,0,0,0,0,0,1,0,1,1,1,1,1
0,0,0,1,0,0,0,1,0,1,1,0,1,1,1,1
0,1,0,1,0,0,0,0,0,1,1,1,1,0,1,0
0,0,0,0,0,1,0,1,1,1,1,0,1,1,1,0
