Nhom,I01,I02,I03,I04,I05,I06,I07,I08,I09,I10,I11,I12,I13,I14,I15
A,1,1,0,0,0,0,0,0,0,0,0,0,0,0,0
A,1,1,1,0,1,1,1,0,0,1,0,1,1,1,1
A,1,0,1,1,1,1,1,0,0,1,1,0,0,1,1
A,1,1,1,0,1,1,1,1,0,1,0,1,1,1,1
A,0,0,1,0,0,1,0,0,0,0,0,0,0,0,0
A,0,0,0,0,1,0,0,0,0,1,0,0,0,0,1
A,1,1,1,1,1,1,1,1,1,1,1,1,1,0,1
A,1,0,0,0,0,1,1,1,0,1,1,1,0,1,1
A,0,1,1,0,0,0,0,0,0,1,1,1,0,0,1
A,1,0,0,1,1,1,1,1,1,1,1,1,0,1,1
A,1,0,1,1,1,1,1,1,1,1,1,1,1,1,1
A,1,0,0,0,1,1,1,1,0,1,0,0,1,0,1
A,1,0,0,1,0,1,1,1,1,1,1,1,1,1,0
A,1,1,1,0,1,1,1,1,1,1,1,1,1,1,1
A,1,0,0,1,0,1,1,1,0,1,0,0,1,0,1
A,1,0,1,0,1,1,1,1,0,1,1,1,1,0,0
A,1,1,1,0,1,1,1,0,0,1,1,1,1,1,1
A,1,0,1,0,1,0,1,1,0,1,0,1,0,0,1
A,1,0,0,0,1,0,0,0,0,0,0,0,0,0,1
A,1,0,1,0,1,1,1,1,0,1,1,0,0,1,1
A,1,0,1,0,1,1,1,1,1,1,1,1,1,0,1
A,0,0,0,0,0,1,0,0,0,0,0,0,0,0,0
A,0,0,0,0,0,0,1,1,0,1,1,1,1,0,1
A,0,0,1,0,0,1,1,1,0,1,1,1,1,0,1
A,0,0,1,0,1,1,1,0,0,1,1,0,1,0,1
A,1,0,0,0,0,1,1,1,0,0,0,0,0,0,0
A,1,0,0,0,1,1,1,1,0,0,1,1,0,1,0
A,0,0,1,1,1,0,1,1,0,1,0,1,1,1,1
A,0,0,1,0,1,1,1,1,0,1,1,0,1,0,1
A,0,0,1,1,1,1,1,0,1,1,1,1,0,0,1
A,0,0,0,0,1,0,0,0,0,0,0,0,0,0,1
A,1,1,1,0,1,1,0,0,0,0,0,1,1,0,1
A,1,0,1,1,1,1,1,1,1,1,1,1,1,1,1
A,1,0,0,0,0,0,0,0,0,0,0,0,0,0,0
A,1,0,1,0,1,1,1,1,1,1,1,1,1,1,1
A,1,1,1,0,1,1,1,1,0,1,1,1,1,1,1
A,1,1,1,0,0,1,1,1,0,1,1,1,1,0,1
A,0,0,0,0,0,0,0,0,0,0,1,0,0,0,0
A,1,0,1,0,0,1,1,0,0,1,1,1,1,0,1
A,0,0,0,0,1,1,0,0,0,1,1,0,1,0,1
A,0,0,1,1,0,1,1,1,0,1,1,1,1,0,1
A,1,0,0,0,1,0,1,1,0,1,0,0,0,0,0
A,0,1,1,0,1,1,1,0,0,0,1,0,1,0,1
A,0,0,1,0,0,1,1,1,1,1,1,1,0,0,1
A,0,0,0,0,1,1,0,0,0,0,0,1,0,0,0
A,1,0,0,0,1,1,1,1,0,1,1,0,1,0,0
A,1,1,1,1,1,1,1,1,1,1,1,1,1,1,1
A,1,0,1,0,0,1,1,0,0,1,0,0,0,0,0
A,1,0,0,0,0,1,0,1,0,0,0,0,0,0,1
A,1,0,1,0,1,0,1,0,0,1,1,1,1,1,1
A,1,1,1,0,1,1,1,1,1,1,1,1,1,1,1
A,0,0,0,0,0,1,0,0,0,1,0,1,1,0,1
A,1,1,1,0,1,1,1,1,0,1,1,1,1,1,1
A,0,0,1,0,1,1,1,1,0,0,1,0,0,0,1
A,0,0,1,0,0,1,0,0,0,1,0,0,0,0,0
A,1,1,1,0,0,1,1,1,0,1,1,1,0,1,1
A,1,1,1,0,1,1,1,1,0,1,1,1,1,0,1
A,1,1,1,0,1,1,1,1,0,1,1,1,0,0,1
A,0,1,1,0,0,1,1,0,1,1,1,1,1,0,1
A,0,1,0,0,0,1,1,0,0,0,0,1,0,0,0
A,1,1,1,0,1,1,1,1,1,1,1,1,1,1,1
A,1,0,0,0,0,1,0,0,0,1,1,1,1,1,0
A,1,0,1,0,1,0,0,0,0,1,0,1,0,0,1
A,1,0,1,0,1,1,1,0,0,1,0,1,0,0,1
A,1,0,1,0,1,1,1,0,0,1,0,1,0,0,0
A,0,1,1,0,0,0,0,0,0,0,0,0,0,0,0
A,1,1,1,1,1,1,1,0,1,1,1,1,1,1,1
A,0,0,0,1,0,0,0,0,0,1,0,0,0,0,0
A,0,0,1,0,0,1,1,0,0,1,1,1,0,1,1
A,1,0,1,1,1,1,0,1,0,1,1,1,1,1,1
A,1,0,1,0,1,1,1,0,0,1,1,1,0,0,1
A,0,0,1,1,1,1,1,1,0,1,1,1,1,1,1
A,1,0,1,0,1,1,1,0,0,1,0,1,0,0,1
A,1,1,1,1,1,1,1,1,0,1,1,1,1,1,0
A,0,0,1,0,1,1,1,0,1,1,1,1,1,0,1
A,1,0,0,0,1,1,0,1,0,0,0,1,0,0,1
A,1,0,0,0,1,1,0,0,0,1,1,0,1,0,0
A,0,0,0,0,1,1,1,0,0,1,0,1,1,0,1
A,1,1,1,1,1,1,1,1,0,1,0,1,1,0,1
A,1,0,1,1,1,1,1,1,0,1,1,1,1,0,1
A,1,1,1,1,1,1,1,1,1,1,1,1,1,1,1
A,0,1,1,1,1,1,1,1,0,1,1,1,1,0,1
A,0,0,1,0,1,1,0,0,0,1,0,0,0,0,0
A,1,1,1,0,0,1,1,1,0,1,0,0,1,0,1
A,0,0,0,0,0,0,0,0,0,0,0,0,0,1,0
A,1,1,1,0,0,0,0,0,0,0,1,0,0,0,1
A,1,1,1,0,1,1,1,1,0,1,1,1,1,1,1
A,0,0,1,0,0,1,0,0,0,0,0,0,0,0,1
A,1,1,1,1,1,1,1,1,1,1,1,1,1,1,1
A,0,0,1,0,1,1,1,0,0,1,0,1,1,0,0
A,1,0,1,0,1,1,1,0,0,1,1,1,1,0,1
A,0,0,0,0,0,1,0,0,0,0,0,1,0,0,1
A,0,0,0,0,0,1,0,1,0,0,0,1,0,0,0
A,0,0,0,0,0,1,1,1,0,0,0,0,0,0,1
A,1,1,1,0,1,1,1,1,1,1,1,1,1,0,1
A,0,0,0,0,1,1,0,1,0,0,1,0,0,0,1
A,1,0,0,0,1,1,1,0,0,1,0,1,1,0,1
A,0,0,0,1,1,1,0,0,0,1,0,0,0,1,1
A,1,1,0,0,1,0,1,1,0,0,0,1,0,0,1
A,1,1,1,0,1,1,0,1,0,1,0,0,1,0,0
A,1,0,1,1,1,1,1,1,0,1,1,1,1,1,1
A,1,0,0,0,1,1,0,1,0,1,0,0,1,0,1
A,1,0,1,0,1,1,1,1,0,1,0,1,0,0,1
A,1,0,1,0,1,1,1,1,0,1,1,1,1,0,1
A,1,0,1,1,1,1,1,1,1,1,1,1,1,1,1
A,1,0,1,0,1,1,1,1,1,1,1,1,1,1,1
A,1,0,1,1,1,1,1,1,0,1,1,1,1,1,1
A,0,1,0,0,1,1,1,1,0,1,1,1,1,1,1
A,1,0,1,0,1,1,1,1,0,1,1,1,1,1,1
A,1,0,0,1,1,0,1,0,0,1,0,1,0,0,0
A,0,0,1,1,1,1,1,1,0,1,1,0,1,0,1
A,0,0,1,0,0,1,1,0,0,1,1,1,1,0,1
A,1,0,1,0,0,1,1,1,0,1,1,0,0,0,1
A,0,0,1,0,1,1,1,0,0,1,1,1,1,0,1
A,1,0,1,1,1,1,1,1,1,1,1,1,0,1,1
A,0,1,0,0,0,1,1,0,0,0,1,0,1,1,1
A,1,0,1,0,1,1,1,1,1,1,1,1,1,0,1
A,1,1,1,0,1,1,1,1,1,1,1,1,1,1,1
A,1,1,0,0,0,1,1,0,0,0,1,1,1,0,0
A,1,0,1,1,0,1,1,1,0,1,1,1,0,1,1
A,0,1,1,0,0,1,1,0,0,1,0,1,0,0,0
A,0,0,1,0,0,1,0,0,0,0,0,0,0,0,0
A,1,0,1,0,1,1,1,0,0,0,0,1,0,0,1
A,1,1,1,0,1,1,1,1,0,1,1,1,1,0,1
A,1,1,1,1,1,1,1,1,1,1,0,1,1,0,1
A,1,1,1,0,1,1,1,1,1,1,1,1,1,1,1
A,1,1,1,0,1,1,1,0,1,1,1,1,1,1,1
A,1,0,0,0,0,0,0,0,0,1,1,1,1,0,0
A,0,0,1,0,1,1,1,1,1,1,1,1,1,1,0
A,1,0,1,1,1,1,1,0,0,1,0,1,1,0,1
A,0,0,0,0,1,1,0,1,0,0,0,1,1,0,0
A,0,0,1,0,1,1,1,0,0,1,1,0,1,0,1
A,0,0,1,1,1,1,1,0,0,1,1,1,0,0,1
A,0,0,0,0,1,1,0,0,0,0,1,1,0,0,0
A,0,0,0,0,0,0,1,0,0,0,0,0,0,0,0
A,1,1,1,0,1,0,1,1,0,1,0,1,1,0,1
A,1,0,1,0,0,0,1,0,0,0,0,1,1,0,1
A,0,0,1,0,1,1,0,1,0,1,1,0,1,0,0
A,0,0,0,0,0,0,0,0,0,0,0,0,0,0,0
A,1,0,1,1,1,1,1,1,0,1,1,1,1,0,0
A,0,0,0,0,1,1,1,1,1,1,1,0,1,0,0
A,1,1,1,0,1,1,1,1,0,0,0,0,0,0,1
A,1,1,1,0,1,1,1,0,0,1,0,1,0,0,0
A,1,1,1,1,1,1,1,1,1,1,1,1,1,0,1
A,0,0,0,0,1,0,0,0,0,1,0,0,0,0,0
A,0,0,1,0,0,1,0,0,1,0,0,0,0,0,0
A,1,0,1,0,1,1,1,1,0,1,1,1,1,0,1
A,0,0,1,0,0,0,0,0,0,1,1,0,0,0,1
A,0,1,1,0,0,1,0,0,0,1,0,1,0,0,0
A,1,0,1,1,1,1,1,0,0,1,1,1,1,1,1
A,0,0,1,1,0,1,0,0,0,1,1,0,0,1,1
A,1,1,1,1,1,1,1,0,0,1,1,1,1,1,1
A,1,0,1,1,1,1,1,1,0,1,1,1,1,1,1
A,1,1,1,0,1,1,1,1,1,1,1,1,1,0,1
A,0,0,1,0,1,1,1,1,1,1,1,1,0,0,1
A,0,0,0,0,1,1,1,0,0,0,0,0,0,0,1
A,1,1,1,0,1,1,1,1,0,1,1,1,1,0,0
A,0,0,1,0,0,0,0,0,0,0,0,0,0,0,1
A,0,0,1,0,0,0,0,0,0,0,0,1,0,0,0
A,0,1,0,1,0,0,1,1,0,1,1,1,1,1,1
A,0,0,1,0,0,1,1,1,0,1,0,1,1,0,1
A,1,0,1,0,1,1,1,1,0,1,1,1,1,0,1
A,1,1,1,0,1,1,1,1,1,1,1,0,1,0,1
A,0,0,1,0,1,1,1,0,0,1,1,1,1,0,1
A,0,1,0,0,0,1,0,0,0,0,0,0,0,0,0
A,1,1,1,0,1,1,1,1,0,1,0,1,0,0,1
A,1,0,1,0,0,1,1,0,0,1,1,0,0,0,1
A,0,0,1,0,1,1,1,1,0,1,1,1,0,0,0
A,1,1,0,0,1,1,0,0,0,1,0,1,1,1,1
A,1,1,1,0,1,1,1,0,0,0,0,1,1,0,0
A,1,1,1,0,1,1,1,1,1,1,1,1,1,1,1
A,0,0,1,0,1,1,1,1,0,1,1,1,1,0,1
A,1,0,0,0,0,0,0,0,0,1,0,0,0,0,1
A,0,1,1,1,1,1,1,1,0,1,1,1,1,0,1
A,0,0,1,0,1,1,1,0,0,1,1,1,0,0,0
A,1,1,0,0,1,1,0,1,0,0,0,1,0,0,0
A,1,1,1,0,1,1,1,1,0,1,1,0,1,1,0
A,1,0,1,0,0,1,1,0,0,0,1,1,0,0,1
A,0,0,0,0,1,1,0,1,0,1,0,0,1,0,1
A,0,0,0,0,1,0,0,1,0,1,1,0,0,0,1
A,1,1,1,1,1,1,1,1,0,1,1,1,1,1,1
A,1,0,1,1,0,1,1,0,1,0,0,0,0,0,0
A,1,0,1,0,1,1,0,0,0,1,1,1,1,0,1
A,1,1,1,0,1,0,1,1,0,1,1,1,1,0,1
A,1,1,1,0,0,1,1,1,0,1,1,1,0,0,1
A,1,0,0,0,1,1,0,0,0,1,1,1,1,0,1
A,1,1,1,0,1,1,1,1,0,0,1,1,0,0,1
A,0,0,0,0,0,1,0,0,0,1,0,0,0,0,1
A,0,0,1,0,1,1,0,1,0,0,0,1,1,0,1
A,1,1,1,1,1,1,1,1,0,1,0,1,1,0,1
A,0,0,1,0,0,1,0,0,0,0,0,0,1,0,1
A,0,0,0,0,0,0,0,0,0,0,0,0,0,0,0
A,0,1,1,1,1,1,1,1,0,1,0,0,1,1,1
A,0,0,1,0,0,1,1,0,0,1,0,1,0,0,1
A,0,0,0,0,0,0,1,0,0,0,0,0,0,0,0
A,1,1,1,1,1,1,1,1,1,1,1,1,1,0,1
A,1,1,1,0,1,0,1,1,0,1,1,1,0,0,1
A,1,0,1,0,1,1,1,0,0,1,0,1,1,0,1
A,0,1,0,0,0,0,1,0,0,1,0,0,1,0,0
A,1,0,0,0,1,1,1,1,0,1,1,1,1,1,1
A,0,0,0,0,1,1,1,0,0,1,0,0,1,0,1
A,0,0,1,0,0,1,1,1,1,1,0,1,1,0,0
A,1,0,1,0,1,1,1,1,0,1,1,1,0,1,0
A,1,0,1,0,1,1,0,0,0,1,0,0,0,0,0
A,1,0,1,0,1,1,1,1,0,1,1,0,1,0,0
A,1,0,1,0,0,1,0,0,0,0,0,1,1,0,0
A,1,0,1,0,1,1,1,1,1,1,1,1,0,1,1
A,1,1,1,0,1,1,0,0,1,1,0,1,1,1,1
A,0,0,1,0,0,0,0,0,0,0,0,0,0,0,0
A,1,1,1,0,1,1,1,1,0,1,1,1,1,0,1
A,1,1,1,1,1,1,1,1,0,1,1,1,1,1,0
A,0,0,1,0,1,1,1,1,0,1,1,0,1,1,1
A,0,0,0,0,1,0,0,0,0,0,0,0,0,0,1
A,1,0,1,0,1,1,0,1,0,1,1,1,1,1,1
A,1,1,1,0,0,1,1,1,0,0,0,1,0,0,1
A,0,0,0,0,0,1,0,0,0,1,0,0,0,0,0
A,1,1,1,1,1,1,1,1,0,1,1,1,1,1,1
A,1,0,0,0,1,1,0,0,0,1,0,0,0,0,1
A,0,0,1,0,1,0,0,0,0,1,1,1,0,0,1
A,1,0,0,0,0,0,0,0,0,0,0,0,0,0,0
A,1,0,1,0,1,1,1,1,0,1,1,1,1,1,1
A,0,0,0,0,0,0,0,0,0,0,0,0,0,0,0
A,1,0,1,0,0,0,0,1,0,1,1,1,1,0,1
A,1,0,1,0,0,1,0,0,0,1,1,1,1,0,1
A,1,0,1,0,1,1,1,1,1,1,1,1,1,0,1
A,0,0,1,0,0,1,0,1,0,1,1,1,1,0,1
A,0,0,0,0,1,1,0,0,0,1,0,0,0,0,0
A,1,0,0,0,1,0,0,0,0,0,0,0,1,0,1
A,1,0,1,0,1,1,1,1,1,1,1,1,1,1,1
A,1,0,1,0,1,1,1,1,1,1,0,1,1,0,1
A,1,1,1,0,0,1,1,1,0,1,0,1,1,0,0
A,1,0,0,1,1,1,0,0,0,1,0,1,1,0,1
A,0,0,1,0,0,0,1,1,0,1,0,1,0,0,0
A,1,1,1,0,1,1,1,1,1,1,1,1,1,1,1
A,0,0,1,0,1,1,1,1,0,1,1,1,0,0,1
A,0,0,1,0,1,1,1,1,0,1,1,0,0,1,0
A,1,0,0,0,1,1,1,1,0,0,1,1,1,0,1
A,1,1,1,0,0,1,1,1,0,1,1,1,1,0,1
A,1,0,1,0,1,1,1,1,1,1,1,1,1,1,1
A,1,1,1,0,1,1,1,1,1,1,1,1,1,1,1
A,0,0,1,1,0,1,0,0,0,1,0,1,0,0,1
A,1,0,1,0,0,1,0,0,0,0,0,0,0,1,0
A,1,0,1,0,1,1,1,1,0,1,1,1,1,0,1
A,1,0,1,0,1,1,1,0,0,1,1,1,1,0,1
A,0,0,1,0,1,1,1,1,0,1,1,0,0,0,1
A,1,0,1,0,1,1,1,1,0,1,1,0,1,0,1
A,1,1,1,0,1,1,1,1,1,1,0,1,1,1,1
A,1,0,1,0,1,1,1,1,0,1,1,1,1,1,1
A,0,0,1,0,0,1,1,0,0,1,0,0,1,0,1
A,1,0,1,1,1,1,1,1,1,1,1,1,1,1,1
A,1,0,1,0,1,1,1,0,1,1,0,1,1,0,1
A,1,0,0,0,1,1,1,0,0,1,1,1,1,0,1
A,1,1,0,0,1,1,1,1,0,1,1,1,1,0,1
A,0,1,1,0,1,1,1,1,0,0,1,1,1,1,1
A,1,1,1,0,1,1,1,1,1,1,1,1,1,0,1
A,1,0,1,1,0,1,1,0,0,0,0,1,0,0,0
A,1,0,1,0,1,1,1,1,0,0,1,0,1,0,1
A,1,0,1,0,1,1,1,1,1,1,1,1,1,1,1
A,1,0,0,0,0,0,0,0,0,1,1,1,1,0,0
A,1,1,1,0,1,1,1,1,1,1,1,1,1,0,1
A,1,0,1,0,1,1,0,1,0,0,0,0,1,0,1
A,0,0,0,1,1,1,0,0,0,0,1,1,0,0,1
A,1,0,1,0,1,1,1,1,0,1,1,1,1,0,1
A,1,0,1,0,1,1,1,1,0,1,1,1,1,0,1
A,1,0,0,0,0,1,0,0,0,0,0,1,0,0,0
A,1,0,1,1,0,1,0,0,0,1,1,0,0,0,1
A,1,1,0,0,0,1,1,1,0,1,0,1,0,0,0
A,1,0,1,0,1,1,1,1,0,1,1,0,1,1,1
A,1,0,1,0,1,1,1,1,1,1,1,1,1,0,1
A,0,0,1,0,1,1,1,1,0,1,1,1,0,0,1
A,1,0,1,0,1,1,0,1,0,1,1,0,0,0,0
A,0,0,1,1,1,1,1,0,0,1,0,1,0,0,1
A,1,1,1,1,1,1,1,1,1,1,1,1,1,1,1
A,1,0,0,0,0,1,1,1,0,0,0,1,0,0,0
A,1,0,1,0,0,1,0,0,0,0,1,1,0,1,0
A,0,0,1,0,1,1,1,0,0,1,0,1,1,0,1
A,1,0,1,1,1,1,1,1,0,1,1,1,1,0,1
A,0,0,0,0,1,0,0,1,0,1,0,0,0,0,1
A,1,1,1,1,0,1,1,1,0,1,0,1,1,1,0
A,0,0,0,0,0,0,0,0,0,0,0,0,0,0,0
A,0,0,0,0,0,1,0,0,0,1,0,0,0,0,1
A,0,0,0,0,1,1,0,0,0,1,1,0,0,0,0
A,1,0,1,1,1,1,1,1,0,0,1,1,1,0,1
A,1,0,1,0,0,1,1,1,0,1,1,0,0,0,0
A,1,0,1,0,1,1,1,1,0,1,1,1,1,0,0
A,1,0,1,0,1,1,1,0,0,1,1,1,0,0,1
A,1,0,1,0,1,1,1,1,0,1,1,1,1,0,1
A,1,1,1,0,1,1,1,1,1,1,1,1,1,0,1
A,1,1,0,1,1,1,1,0,0,0,0,0,0,0,0
A,1,0,1,1,0,1,1,0,0,1,0,1,0,1,1
A,1,0,1,0,1,1,1,1,0,0,1,1,1,0,1
A,1,0,0,0,1,1,1,1,0,1,1,1,0,1,1
A,1,0,0,0,1,1,1,1,0,1,0,0,0,0,1
A,1,0,0,0,1,1,1,1,0,1,1,1,1,0,1
A,1,0,1,0,1,1,1,1,1,1,1,1,1,0,1
A,1,0,1,0,1,1,1,1,1,1,0,1,1,1,1
A,1,0,0,0,1,1,1,1,0,1,1,1,1,0,1
A,1,0,1,0,0,1,0,0,0,0,0,0,1,0,0
A,0,1,1,0,0,1,0,1,0,1,1,1,1,0,0
A,1,0,1,0,0,1,1,0,1,1,0,1,0,1,1
A,0,0,0,0,0,1,1,1,0,0,1,1,0,1,0
A,1,1,1,0,1,1,1,1,1,1,1,1,1,1,1
A,0,0,1,0,0,1,0,1,0,1,1,0,0,0,1
A,1,0,1,0,1,1,1,1,0,0,1,1,1,0,0
A,0,0,0,0,0,1,1,0,0,0,0,0,0,0,1
A,1,1,1,1,1,1,1,1,1,1,1,1,1,1,1
A,1,0,1,0,0,1,1,1,1,0,0,0,0,1,0
A,1,1,1,0,1,1,1,0,1,1,1,1,1,1,1
A,0,1,0,0,1,1,1,1,0,1,0,0,0,0,0
A,1,0,1,1,1,1,1,1,1,1,0,1,0,1,1
A,1,0,1,1,1,1,1,1,0,1,1,1,1,1,1
A,1,0,1,0,1,1,1,0,0,1,1,1,1,0,1
A,1,0,1,0,1,1,1,1,1,0,1,1,1,1,1
A,1,0,1,0,0,1,0,0,0,1,0,0,0,0,0
A,1,0,1,0,1,1,1,1,0,1,1,1,1,0,0
A,0,1,1,0,1,1,1,1,0,1,1,1,1,1,1
A,1,0,1,0,1,1,1,1,0,1,0,1,1,0,1
A,1,0,1,0,0,1,1,0,0,0,0,1,1,0,1
A,0,0,0,0,1,1,0,0,0,0,0,1,0,0,0
A,0,1,1,0,0,1,1,0,1,0,1,0,1,0,1
A,0,0,1,0,0,1,0,0,0,0,0,0,1,0,0
A,1,0,1,0,1,1,1,1,1,0,1,1,1,0,1
A,0,0,1,0,1,1,1,1,1,1,1,1,1,0,1
A,0,0,1,1,0,1,1,0,0,1,1,1,0,0,0
A,1,0,1,0,0,0,0,0,0,0,0,0,0,0,0
A,1,0,1,0,1,1,1,1,0,1,1,1,0,0,1
A,1,1,1,0,1,1,1,1,0,1,1,1,0,0,1
A,1,1,1,1,1,1,1,1,1,1,0,1,1,0,1
A,0,0,0,0,0,1,1,1,0,1,1,0,1,0,1
A,1,1,1,1,1,1,1,0,1,1,1,1,1,1,0
A,1,0,1,0,0,1,1,1,0,1,0,0,1,0,1
A,1,0,1,1,1,1,1,1,1,1,0,1,1,1,1
A,0,0,0,0,1,1,0,0,0,1,0,0,0,0,1
A,1,1,1,0,0,1,1,0,0,1,1,1,0,0,1
A,1,0,0,1,1,1,1,0,0,1,0,1,1,0,1
A,1,0,0,1,1,1,0,0,0,1,1,1,0,0,1
A,1,1,0,0,1,1,1,1,0,1,1,1,1,0,1
A,1,0,1,0,1,1,1,1,1,1,1,1,0,1,1
A,0,0,1,0,1,0,0,1,0,0,0,0,1,0,0
A,1,0,1,1,1,1,1,1,0,1,1,1,1,1,1
A,1,1,1,0,1,0,1,1,0,1,0,1,1,0,1
A,1,0,1,0,0,1,1,1,0,1,1,1,1,1,1
A,1,0,1,1,0,1,1,1,0,1,1,1,0,0,1
A,1,1,0,0,1,1,1,0,0,1,0,1,0,0,0
A,0,0,1,0,0,1,1,0,0,1,1,1,0,0,0
A,1,0,1,1,1,1,1,1,1,1,0,1,0,0,1
A,0,0,1,0,0,1,0,0,1,1,1,1,1,1,1
A,0,1,1,0,1,1,1,1,0,1,1,0,1,0,1
A,1,0,0,0,0,1,0,0,0,0,0,0,1,0,1
A,0,0,1,0,0,1,0,0,0,1,0,0,0,0,1
A,1,0,1,0,0,1,1,0,0,1,0,1,1,1,1
A,1,0,1,1,1,1,1,1,1,1,1,1,1,0,1
A,1,0,0,0,0,1,0,0,0,0,0,0,1,0,1
A,1,0,1,1,1,1,1,1,1,1,1,1,1,1,1
A,1,0,1,1,1,1,1,0,0,0,1,1,0,0,1
A,1,0,0,0,1,1,1,1,0,1,1,1,1,1,0
A,1,0,1,1,0,1,0,0,0,0,0,0,1,0,0
A,1,1,0,0,1,1,1,0,0,1,1,1,1,0,1
A,1,0,1,0,1,1,1,0,0,1,0,1,1,0,0
A,1,1,1,0,1,1,1,1,0,1,1,1,0,1,1
A,1,1,1,0,1,1,1,1,1,1,1,1,1,1,1
A,0,0,1,0,0,0,1,1,0,1,1,1,0,0,1
A,1,1,1,0,0,1,0,1,0,1,1,1,1,0,1
A,0,0,1,0,0,1,0,0,0,0,0,0,0,0,1
A,1,0,0,0,0,0,0,1,0,1,0,0,0,0,1
A,1,0,1,0,1,1,1,1,1,1,1,1,1,1,1
A,0,1,1,0,1,1,0,0,0,0,0,1,1,0,1
A,1,0,1,0,1,1,0,0,0,0,0,0,0,0,1
A,0,0,0,0,0,0,0,0,0,0,0,0,0,0,0
A,1,0,0,0,1,0,1,0,0,0,1,0,0,0,1
A,1,0,1,1,1,1,0,1,1,1,1,1,1,0,1
A,0,0,1,0,0,1,0,0,0,0,0,1,1,0,0
A,0,0,0,0,0,1,0,0,0,1,0,0,0,0,0
A,1,0,1,1,1,1,1,1,0,1,1,1,1,1,1
A,1,0,1,0,1,0,0,0,0,0,1,0,1,0,1
A,1,0,1,1,1,1,1,1,0,1,1,1,1,0,1
A,1,1,1,0,0,1,1,1,0,1,1,1,1,1,1
A,0,0,1,1,0,1,0,0,0,0,0,1,0,0,1
A,1,0,1,0,1,1,0,0,0,0,0,0,0,0,1
A,1,0,1,1,1,1,1,1,0,1,0,0,1,0,1
A,1,0,0,0,0,0,1,1,0,0,0,1,0,0,1
A,1,0,1,0,0,1,1,1,1,1,1,1,1,0,1
A,1,0,1,0,0,1,1,1,1,1,1,1,1,0,1
A,0,0,1,0,1,1,1,1,1,1,1,1,1,1,1
A,1,1,1,1,1,1,1,0,0,1,1,1,1,1,0
A,1,0,1,0,0,1,1,1,0,1,0,0,0,0,1
A,1,0,1,0,0,1,1,1,0,1,1,1,1,0,0
A,1,1,1,0,1,1,1,1,0,1,1,1,1,0,1
A,0,0,0,0,0,1,1,0,0,1,1,1,0,0,1
A,1,1,0,0,0,1,1,1,0,1,1,1,0,0,1
A,1,0,1,0,1,1,1,1,0,1,1,0,0,0,1
A,1,1,1,0,0,1,1,1,0,1,1,0,1,0,1
A,1,1,1,1,1,1,1,1,1,1,1,1,0,1,1
A,1,1,1,0,1,1,1,1,1,1,1,1,1,1,1
A,1,0,1,0,0,1,1,1,1,1,1,1,1,1,1
A,0,0,0,0,0,0,0,0,0,0,0,0,0,0,0
A,0,0,1,0,0,0,0,0,0,0,0,0,0,0,1
A,0,0,0,0,1,1,1,0,0,1,0,0,0,0,1
A,0,0,0,0,0,1,0,0,0,1,0,0,0,1,0
A,1,0,0,0,1,1,0,1,0,1,0,0,1,0,0
A,0,0,1,0,1,1,1,1,0,1,0,1,0,0,1
A,1,0,1,0,1,1,1,1,1,1,1,1,1,1,1
A,0,0,1,1,0,1,0,1,0,1,1,1,0,0,1
A,1,1,1,0,1,1,1,0,0,1,1,1,1,0,1
A,1,0,1,0,1,1,0,1,0,0,1,1,1,0,1
A,1,1,1,1,1,1,1,1,1,1,1,1,1,1,1
A,1,0,1,1,1,1,1,1,0,1,1,1,1,1,1
A,1,0,0,0,1,1,1,0,0,1,1,0,1,0,1
A,0,0,0,0,0,1,1,0,0,0,1,0,0,0,1
A,0,0,1,1,1,1,1,0,0,1,1,1,0,1,1
A,1,1,1,0,0,1,1,0,0,1,1,1,0,0,1
A,0,0,0,0,0,1,1,0,0,1,1,1,0,0,1
A,1,1,1,1,1,1,1,1,1,1,1,1,1,1,1
A,1,1,1,0,1,1,1,1,1,1,1,1,1,0,1
A,1,1,1,0,1,1,1,1,1,1,0,1,1,0,1
A,1,0,1,0,1,1,0,1,0,1,0,1,1,0,0
A,1,0,0,0,1,1,1,1,1,1,1,1,1,0,1
A,1,1,0,1,1,1,1,1,0,1,0,1,1,0,1
A,1,0,1,0,1,1,1,1,1,1,1,1,1,0,1
A,0,1,1,0,1,1,1,1,0,1,0,1,1,0,1
A,1,1,1,1,1,0,1,0,0,1,0,1,0,1,1
A,1,1,1,0,0,1,1,1,0,1,1,1,0,0,1
A,0,0,0,0,1,0,0,0,0,0,1,1,0,0,1
A,0,0,1,0,0,1,1,1,0,0,0,1,1,0,0
A,1,1,1,0,1,1,1,1,1,1,1,1,1,0,1
A,0,1,1,0,1,1,1,1,0,1,1,0,1,1,1
A,1,0,1,0,1,1,0,1,0,1,1,1,1,0,0
A,0,0,1,0,1,1,1,1,0,1,0,1,1,1,0
A,0,0,1,0,1,1,0,1,0,0,0,1,1,0,1
A,0,0,1,1,0,0,0,0,0,1,0,1,1,0,0
A,1,0,1,1,1,1,1,1,0,1,1,1,1,1,0
A,0,0,1,0,0,0,0,0,0,1,0,0,1,0,1
A,0,0,1,0,0,1,1,1,0,1,0,0,0,0,1
A,1,0,0,0,1,1,1,1,0,1,1,1,0,1,1
A,1,1,1,0,1,1,1,1,1,1,1,1,1,1,1
A,0,0,1,1,1,1,1,1,0,1,1,0,1,0,1
A,0,0,1,1,1,1,1,1,0,1,1,0,1,0,1
A,1,0,1,0,1,1,1,0,0,1,1,0,1,0,1
A,1,1,1,0,0,1,1,1,1,1,1,1,1,0,1
A,1,0,1,0,1,1,1,1,1,1,0,1,0,0,0
A,0,0,1,0,1,1,1,1,1,1,1,1,1,1,1
A,0,0,1,0,0,1,0,0,0,1,0,0,0,0,1
A,0,0,0,0,0,1,0,0,0,0,0,1,0,0,0
A,1,1,1,1,1,1,1,1,1,1,1,1,1,1,1
A,1,0,1,0,0,1,0,0,0,1,1,1,1,0,1
A,1,0,1,0,1,1,1,1,0,1,1,1,1,0,1
A,1,1,1,0,1,1,1,0,0,1,1,1,1,0,0
A,1,1,1,1,1,1,1,1,1,1,1,1,1,0,1
A,1,1,1,0,1,0,1,1,0,0,1,0,0,0,1
A,0,0,0,0,1,1,1,0,0,0,0,1,0,0,1
A,1,0,1,1,1,1,1,0,0,1,0,0,1,1,1
A,1,1,1,0,1,1,1,1,0,1,1,1,1,0,0
A,1,0,0,0,0,1,0,0,0,1,1,0,0,0,1
A,1,0,1,0,0,1,1,1,0,1,1,1,1,0,1
A,1,0,1,0,1,1,1,1,0,1,0,1,0,0,1
A,0,0,0,0,1,1,0,0,0,0,0,0,0,0,0
A,1,0,1,0,1,0,1,0,0,1,1,0,0,0,1
A,1,1,1,0,1,1,1,1,0,1,1,1,1,0,1
A,1,1,1,1,1,1,1,1,0,1,1,1,0,1,1
A,0,0,0,0,0,1,0,0,0,1,1,0,0,0,0
A,1,1,1,0,1,1,1,1,0,1,1,1,1,1,1
A,0,0,1,0,0,0,0,0,0,0,0,0,0,0,1
A,0,1,1,1,1,1,1,1,0,1,1,1,1,1,1
A,0,0,1,0,1,1,0,1,0,1,0,0,1,0,1
A,0,0,0,0,0,1,0,0,0,0,1,0,0,0,0
A,1,0,1,1,1,1,1,0,1,1,1,1,1,1,1
A,1,0,0,1,1,1,1,1,0,1,1,1,0,0,0
A,0,1,0,0,1,1,1,1,0,1,1,1,1,0,1
A,0,1,1,0,0,1,1,1,0,1,0,1,1,0,1
A,0,0,1,0,1,1,1,0,0,1,1,1,0,0,1
A,0,0,1,0,0,1,1,1,0,1,0,1,0,0,1
A,1,1,1,0,1,1,1,1,1,1,1,1,1,1,1
A,1,1,0,0,1,1,1,1,0,1,1,1,1,0,1
A,0,0,1,0,1,1,0,0,0,1,1,0,0,0,1
A,1,1,1,0,1,1,0,1,0,0,0,0,1,0,1
A,1,0,1,0,1,1,1,1,0,1,0,1,1,0,0
A,0,0,0,0,0,0,0,0,0,0,0,0,0,0,0
A,0,0,0,0,0,1,1,0,0,0,1,0,0,0,0
A,0,0,1,0,1,1,1,1,1,1,1,1,1,0,0
A,0,1,1,1,0,1,1,1,0,1,1,1,1,1,1
A,1,0,1,0,0,1,1,1,0,1,1,1,0,0,1
A,0,0,1,0,0,1,1,1,0,1,1,0,1,0,1
A,1,1,0,0,0,1,1,1,0,1,1,1,1,0,1
A,0,0,1,0,0,1,1,0,0,1,0,1,0,0,1
A,1,0,0,1,1,1,0,1,1,1,1,1,0,0,1
A,0,1,1,0,1,1,1,1,0,1,1,0,0,1,1
A,0,0,0,0,1,1,0,0,1,0,0,1,0,1,0
A,1,0,1,0,0,0,1,0,0,1,0,1,0,0,0
A,1,0,1,0,0,1,0,1,1,1,1,0,0,1,1
A,0,1,1,0,1,1,0,1,0,1,1,0,0,0,0
A,1,0,1,0,1,1,1,1,0,1,1,1,1,0,1
A,1,0,1,1,1,1,1,1,1,1,0,1,1,1,1
A,0,0,1,0,0,0,0,1,0,1,0,0,1,0,1
A,1,0,1,0,1,0,1,1,0,1,0,0,0,0,1
A,1,0,1,0,1,1,1,1,1,1,1,1,0,1,1
A,1,0,1,0,1,1,1,1,1,1,1,1,1,1,1
A,1,0,0,0,1,1,1,1,0,1,0,1,0,0,1
A,1,1,1,1,1,1,1,1,0,1,1,1,1,1,1
A,1,1,1,0,1,1,1,1,1,1,1,1,1,1,1
A,0,0,0,0,0,1,0,0,0,1,1,1,1,0,0
B,0,0,1,0,0,1,0,1,1,1,1,1,0,1,1
B,0,1,0,0,0,1,0,1,0,0,1,0,1,0,0
B,0,0,1,0,0,1,0,1,0,1,1,0,0,0,1
B,0,0,0,0,0,1,0,0,0,1,1,1,0,0,1
B,1,0,0,1,1,1,1,1,0,1,1,1,1,1,1
B,1,0,0,0,0,0,0,0,0,1,1,0,0,0,0
B,1,0,1,0,1,1,0,1,0,0,0,1,1,0,1
B,0,1,0,0,1,0,0,0,0,1,0,0,1,0,0
B,1,0,0,0,0,1,0,0,0,0,1,1,0,0,1
B,1,0,1,0,1,1,0,1,0,1,0,1,0,0,0
B,1,0,1,0,1,1,1,1,0,1,0,1,0,0,0
B,0,0,0,0,1,1,1,0,0,0,0,0,0,0,1
B,1,0,0,0,0,0,0,0,0,0,0,0,1,0,0
B,0,1,0,0,0,1,0,0,0,1,0,1,1,0,0
B,1,1,1,1,1,1,1,1,1,1,1,1,1,0,0
B,1,0,1,1,1,1,1,0,0,1,0,1,1,0,1
B,1,0,1,0,1,1,0,0,0,1,1,1,0,0,1
B,1,0,0,0,0,0,1,1,0,0,1,0,0,0,0
B,0,0,1,0,1,1,0,0,0,1,1,0,0,0,0
B,1,0,1,0,0,1,1,0,0,1,1,1,1,0,0
B,0,0,0,0,0,0,0,0,0,0,0,0,0,0,0
B,1,1,0,1,1,1,1,1,0,1,1,1,1,0,1
B,1,1,0,0,1,1,0,1,0,1,0,1,1,0,1
B,0,0,0,0,0,1,0,0,0,0,0,0,1,0,0
B,1,1,1,1,1,1,1,1,1,1,1,1,1,1,1
B,1,1,1,0,1,0,1,1,0,1,1,1,1,1,1
B,1,0,1,0,0,1,1,0,0,1,0,1,0,0,1
B,1,1,0,0,1,1,1,0,0,1,0,0,0,1,1
B,1,0,0,1,0,1,1,1,0,1,1,1,1,0,1
B,1,0,0,0,1,1,1,1,0,1,0,1,1,0,1
B,0,0,0,0,0,0,0,0,0,0,0,0,0,0,0
B,0,0,1,0,0,0,0,0,0,1,0,0,0,0,0
B,0,0,0,0,0,0,0,0,0,0,0,0,0,0,0
B,1,0,0,0,1,1,1,1,0,1,1,1,1,0,0
B,1,0,1,1,1,1,1,1,0,1,1,1,1,0,0
B,1,0,0,1,1,1,1,0,0,1,0,1,1,0,1
B,1,0,0,0,1,1,0,0,0,1,1,0,1,0,0
B,0,0,0,0,0,1,0,1,0,0,0,0,0,0,1
B,0,1,0,0,1,1,0,0,0,1,1,0,0,0,1
B,0,0,0,0,0,1,0,0,0,0,0,0,1,0,1
B,1,1,1,0,1,1,1,1,1,1,1,1,1,0,0
B,1,1,1,0,1,1,1,1,1,1,1,1,0,1,1
B,0,0,0,0,0,0,0,0,0,0,0,0,0,0,0
B,1,0,1,1,1,1,1,1,0,1,1,1,1,0,1
B,0,0,0,0,0,0,0,1,0,1,0,1,0,0,1
B,0,1,1,1,1,1,1,1,0,1,0,1,1,1,1
B,1,0,0,0,0,1,0,1,0,1,1,1,0,0,0
B,1,1,1,1,1,1,0,1,1,1,0,1,1,0,1
B,1,1,0,0,1,1,1,1,0,1,0,1,1,0,1
B,1,0,0,0,1,1,0,1,0,0,0,0,1,0,1
B,0,0,0,0,1,1,0,0,0,1,0,0,1,0,1
B,1,0,1,0,1,1,1,1,0,1,0,1,1,0,1
B,1,1,1,0,1,1,1,1,0,1,1,1,1,1,1
B,1,0,1,1,0,1,0,0,0,1,0,1,0,1,1
B,0,0,0,0,0,1,0,0,0,0,0,0,0,0,0
B,1,0,0,0,1,1,0,1,0,1,1,0,1,0,1
B,0,1,1,1,1,1,0,1,1,1,1,1,1,1,1
B,0,0,0,0,0,0,0,0,0,0,0,0,0,0,0
B,1,1,1,1,0,1,1,0,0,1,1,1,1,0,1
B,1,1,1,0,1,1,1,1,1,1,1,1,1,0,1
B,0,0,1,0,0,1,0,0,0,0,1,1,1,1,0
B,0,0,0,1,1,1,0,1,0,1,1,0,0,0,1
B,0,0,0,0,1,0,0,0,0,0,0,1,1,0,1
B,1,0,0,0,0,1,0,1,0,1,1,0,0,0,0
B,0,0,1,0,1,1,1,0,0,0,0,0,1,0,0
B,1,0,0,0,0,1,1,0,0,0,0,0,0,0,1
B,0,0,0,0,0,1,0,0,0,0,0,0,0,0,0
B,1,1,0,1,1,1,1,0,0,1,1,1,1,0,1
B,0,0,0,0,0,1,1,0,0,0,0,0,0,0,1
B,0,0,0,0,1,0,0,0,0,0,0,0,1,0,1
B,1,0,1,0,1,1,0,1,1,1,1,1,1,0,1
B,1,0,1,0,1,1,0,1,0,1,0,1,1,0,1
B,0,0,0,0,0,0,0,0,0,0,0,0,0,0,1
B,0,0,1,0,1,1,1,1,0,1,0,1,0,0,1
B,0,0,1,0,0,0,0,0,0,0,0,0,0,0,1
B,0,0,1,0,1,1,1,1,1,1,1,1,1,0,1
B,0,0,0,0,0,0,0,0,0,0,0,0,1,0,0
B,0,0,0,0,1,0,0,0,0,1,1,0,0,0,1
B,1,0,1,1,1,1,0,0,0,1,1,0,1,0,1
B,0,0,0,1,0,1,1,1,0,1,0,0,1,1,1
B,1,0,1,0,1,1,0,0,0,1,1,1,1,0,0
B,0,1,1,0,1,1,1,1,1,1,1,1,1,0,1
B,1,1,0,1,0,1,1,1,1,1,0,1,0,0,1
B,1,0,1,1,1,1,0,1,0,1,1,1,1,0,1
B,1,0,1,1,0,1,0,1,0,1,1,1,1,0,1
B,0,0,0,0,0,0,0,0,0,1,0,1,0,0,1
B,1,0,1,1,0,1,1,1,0,1,1,1,0,1,1
B,0,0,0,0,0,1,1,1,0,0,0,0,0,0,0
B,1,1,1,1,1,1,1,1,1,1,1,1,1,1,1
B,0,0,0,0,0,0,0,1,0,0,0,1,0,0,1
B,1,0,1,0,1,1,1,1,1,1,1,1,1,1,1
B,0,0,1,0,1,1,0,0,0,0,0,1,1,0,1
B,1,0,1,1,1,1,0,1,0,1,0,1,0,0,0
B,1,0,0,0,1,1,0,0,0,1,0,0,1,0,0
B,1,0,1,1,1,1,1,1,1,1,1,1,1,1,1
B,0,0,0,0,0,1,0,0,0,0,0,1,0,0,1
B,1,1,0,0,1,1,1,0,0,1,1,0,0,0,0
B,1,0,0,0,1,1,0,0,0,0,1,0,0,0,0
B,0,0,0,0,0,1,0,0,0,1,0,0,0,0,0
B,1,0,1,0,0,1,0,1,0,1,1,1,0,0,1
B,0,0,0,0,0,1,0,0,0,0,0,0,0,0,0
B,0,0,0,0,1,1,0,1,0,1,1,0,0,0,0
B,0,0,0,0,0,0,0,0,0,0,1,0,0,0,0
B,1,0,1,0,1,1,1,1,0,1,1,0,1,0,1
B,1,1,1,1,0,1,1,1,0,1,1,1,0,0,1
B,0,0,0,0,1,1,0,0,0,1,0,0,1,0,1
B,1,0,0,0,0,1,0,0,0,0,0,0,0,0,0
B,0,0,1,0,1,1,1,1,1,1,0,0,1,0,0
B,1,1,0,0,0,1,0,1,0,1,1,0,1,1,0
B,0,0,0,0,0,1,0,1,0,1,0,0,1,0,0
B,1,1,1,0,1,1,1,1,0,1,1,1,1,0,1
B,0,0,1,0,1,1,1,0,0,1,1,1,0,1,1
B,0,0,0,0,1,1,1,1,0,1,1,0,1,0,1
B,1,1,1,0,1,1,1,1,0,1,1,1,1,1,1
B,0,0,0,0,0,0,0,0,0,0,0,0,0,0,0
B,0,1,0,0,0,1,0,0,0,0,1,0,0,0,0
B,1,0,1,1,0,1,0,1,0,1,1,1,1,0,1
B,1,1,0,1,1,1,1,0,1,1,1,1,1,0,1
B,1,0,1,0,1,1,1,1,1,1,0,1,1,0,1
B,1,0,1,1,1,1,0,1,1,1,1,1,1,1,1
B,1,0,1,0,0,1,0,1,0,1,1,1,1,0,1
B,1,0,0,1,0,1,0,1,0,1,0,0,1,0,1
B,1,0,1,0,1,1,1,1,1,1,1,1,1,0,1
B,0,0,0,0,1,1,0,0,0,1,1,0,0,0,1
B,0,1,0,0,0,0,0,0,0,1,0,0,0,0,0
B,1,0,1,0,1,1,1,1,1,1,1,1,0,1,1
B,0,0,0,0,0,1,0,1,0,1,1,0,1,0,1
B,0,0,0,1,1,1,1,0,1,0,1,1,1,0,1
B,0,0,0,0,1,1,0,1,0,1,0,0,0,0,1
B,0,0,1,1,0,1,0,0,0,1,1,1,1,0,1
B,1,1,1,0,1,1,0,0,1,1,0,1,1,0,1
B,1,1,1,0,1,1,1,0,0,1,1,1,0,0,1
B,0,0,0,0,0,0,0,0,0,0,0,0,0,0,0
B,1,0,1,0,1,1,1,1,0,1,1,1,1,1,1
B,1,0,1,0,1,0,0,0,0,1,1,1,1,0,1
B,0,0,0,0,1,0,1,0,0,0,0,0,0,0,1
B,1,1,1,0,1,1,0,0,0,1,1,1,1,1,1
B,0,0,0,0,0,0,0,0,0,0,1,1,1,0,0
B,0,0,1,0,0,1,0,0,0,0,0,1,0,0,1
B,1,0,0,0,0,1,1,1,0,1,1,1,0,0,1
B,1,0,1,0,1,1,1,0,0,0,0,1,1,0,0
B,1,0,1,0,1,1,0,1,0,1,0,0,1,0,0
B,1,0,0,0,0,1,0,0,0,1,0,0,0,0,1
B,1,1,1,1,1,1,1,1,0,1,1,1,0,1,1
B,1,0,1,0,1,1,1,0,0,1,1,1,0,0,1
B,0,0,0,0,0,1,0,0,0,1,0,0,1,0,0
B,0,0,0,0,1,1,0,0,1,1,1,1,0,1,1
B,0,0,1,1,1,0,0,0,0,1,0,0,0,0,1
B,0,0,0,0,0,1,0,0,0,1,1,1,0,1,1
B,0,0,0,0,0,1,1,0,0,0,1,0,0,0,1
B,0,0,0,0,0,0,0,0,0,0,0,0,0,0,0
B,1,0,1,0,0,0,0,1,0,0,0,0,0,0,0
B,1,0,1,0,1,1,1,0,0,1,1,1,1,0,1
B,1,1,0,0,1,0,1,1,1,1,0,1,1,1,1
B,1,0,0,0,1,1,1,1,0,0,0,1,1,0,1
B,1,0,1,0,1,1,0,1,0,0,1,1,0,0,1
B,0,0,0,0,1,1,0,0,0,1,1,1,0,0,1
B,1,0,1,0,0,1,0,0,0,0,0,0,0,0,0
B,0,0,0,0,0,1,1,1,0,1,0,0,1,0,1
B,1,0,0,0,0,1,0,0,0,1,0,0,1,0,0
B,0,0,0,0,0,0,0,0,0,0,0,0,0,0,0
B,1,0,0,0,0,1,0,1,1,1,0,1,0,0,1
B,0,1,0,0,1,1,0,1,0,0,0,1,1,0,1
B,1,0,1,0,1,1,1,1,1,1,1,1,0,0,1
B,0,0,0,0,1,0,0,0,0,0,0,0,0,0,0
B,1,0,1,1,1,1,0,0,0,1,1,1,1,0,0
B,1,1,0,0,1,1,0,0,0,1,0,0,0,0,0
B,1,0,1,0,1,1,0,0,0,0,1,1,1,0,1
B,0,0,0,1,1,1,0,0,0,0,0,0,0,0,1
B,0,0,0,0,0,0,0,1,0,1,0,0,1,0,0
B,0,0,1,0,1,1,0,0,0,0,0,0,0,0,0
B,1,0,0,0,0,1,0,0,0,1,1,0,0,0,0
B,1,1,1,0,1,1,1,1,1,1,1,1,1,0,1
B,1,0,1,0,1,1,1,0,0,1,1,1,1,0,1
B,1,1,1,1,1,1,1,1,1,1,1,1,1,1,1
B,1,0,0,0,1,1,1,0,0,1,1,1,1,0,1
B,0,0,1,0,1,1,1,1,0,1,1,0,1,0,1
B,1,0,0,0,0,1,1,0,0,1,1,1,1,0,0
B,1,0,0,0,0,0,0,0,0,0,0,0,0,0,1
B,0,0,1,0,1,1,0,1,0,1,1,1,0,0,0
B,1,0,1,0,1,1,0,1,0,1,0,1,1,0,1
B,1,0,0,0,0,1,1,0,0,1,1,0,0,0,1
B,1,0,0,0,1,1,1,0,0,0,0,0,0,0,0
B,0,0,0,0,0,0,0,0,0,0,1,0,0,0,1
B,1,0,1,0,1,1,1,1,0,1,1,1,1,0,1
B,0,0,0,0,0,0,0,0,0,0,1,1,0,0,0
B,0,0,0,0,0,0,0,0,0,0,0,0,0,0,0
B,0,0,0,0,1,1,0,0,0,0,0,1,0,0,1
B,0,1,0,1,1,1,1,1,0,1,1,1,1,1,1
B,0,0,0,0,1,1,0,1,0,1,1,1,1,1,0
B,0,0,0,0,1,1,1,1,0,1,0,1,1,0,0
B,1,0,1,0,0,1,0,1,0,1,1,1,0,1,0
B,1,0,0,0,0,1,0,0,0,1,0,1,0,0,1
B,1,0,0,0,1,1,1,0,0,1,0,1,0,0,1
B,1,1,1,1,1,1,1,1,0,1,1,1,1,1,1
B,0,0,0,0,0,1,1,0,0,0,0,1,0,0,1
B,0,0,1,1,1,1,0,1,0,1,1,0,0,0,1
B,1,0,1,0,1,1,1,1,0,1,1,1,1,0,1
B,0,1,1,0,1,1,0,1,0,1,0,0,0,0,0
B,0,1,1,0,1,1,0,0,0,1,1,1,1,0,0
B,0,0,0,0,1,0,0,0,0,0,0,0,0,0,0
B,0,0,0,1,1,1,0,1,0,1,0,1,0,0,1
B,1,0,1,0,1,1,0,1,0,1,0,1,1,0,0
B,1,0,1,0,1,1,1,1,0,1,1,1,1,0,0
B,0,1,0,0,1,1,0,1,1,0,0,0,0,0,0
B,1,0,0,0,1,1,0,1,0,0,0,0,0,0,1
B,1,0,0,0,1,0,1,1,0,1,1,1,1,0,0
B,1,0,0,0,1,1,0,0,0,1,0,0,0,1,1
B,0,0,1,0,0,1,0,0,0,1,1,0,1,0,0
B,0,0,1,0,1,1,0,1,0,1,0,1,0,0,1
B,0,0,0,0,0,1,0,0,0,1,0,0,0,0,0
B,1,0,0,0,1,1,0,1,0,0,0,1,0,0,1
B,1,1,0,0,1,1,0,1,0,1,0,1,1,0,1
B,1,0,0,0,1,1,0,0,0,1,1,1,0,0,1
B,1,0,1,0,0,1,0,1,0,0,0,1,1,0,1
B,1,0,0,1,0,1,1,0,1,1,0,1,1,1,1
B,0,0,0,0,1,1,1,0,0,1,0,1,1,0,1
B,0,0,1,0,1,1,0,1,0,1,1,1,1,0,1
B,1,0,1,0,0,0,0,1,0,0,1,1,0,0,0
B,0,0,0,0,0,1,1,0,0,0,1,1,1,0,1
B,0,0,1,0,1,1,0,1,0,1,1,0,1,0,1
B,0,0,0,0,0,1,0,1,0,1,1,1,0,0,1
B,1,0,0,0,0,1,0,0,0,0,0,0,0,0,0
B,0,0,0,0,0,1,0,0,0,1,1,0,0,0,0
B,1,0,1,0,1,0,0,1,0,1,1,0,1,0,1
B,1,0,1,1,1,1,1,1,0,1,1,1,1,1,1
B,0,0,0,0,0,1,0,0,0,0,1,1,0,0,1
B,1,1,1,0,1,1,0,0,0,1,0,0,0,0,1
B,0,0,0,0,0,1,0,1,1,1,0,0,0,0,1
B,1,0,1,0,0,1,0,1,1,1,1,1,1,0,1
B,1,0,0,1,1,1,1,0,0,1,0,1,1,0,1
B,0,0,0,0,0,0,0,0,0,1,0,0,0,0,0
B,0,1,0,0,0,1,0,0,0,1,0,1,0,0,1
B,0,0,1,0,0,1,0,0,0,1,0,0,1,0,0
B,1,0,1,1,1,0,1,0,1,1,0,1,0,1,1
B,1,0,0,0,0,1,0,1,0,0,1,0,1,0,1
B,1,0,1,0,0,1,0,0,1,0,1,1,0,0,0
B,1,0,0,0,1,1,0,0,0,1,0,0,1,0,1
B,1,1,1,0,0,1,0,0,0,0,0,1,1,0,1
B,1,0,1,0,1,1,1,1,0,1,1,1,1,1,1
B,1,1,0,1,1,1,1,1,0,1,1,1,1,1,1
B,0,0,0,0,1,1,1,1,0,1,0,1,1,0,1
B,0,0,0,0,1,0,0,1,0,0,0,0,1,0,1
B,0,0,0,0,1,1,0,0,0,0,1,0,0,0,0
B,0,0,0,0,0,0,0,0,0,1,1,1,1,0,1
B,1,1,1,1,1,1,1,1,1,1,1,1,1,1,1
B,0,0,0,0,1,0,0,0,0,0,0,0,0,0,0
B,1,1,1,0,1,1,0,1,0,0,1,0,1,1,1
B,1,0,1,0,1,1,1,1,0,1,1,1,1,1,1
B,0,0,1,0,1,1,0,0,0,1,0,0,0,0,0
B,0,1,0,0,0,1,0,0,0,1,1,1,0,0,1
B,1,0,1,1,1,1,1,0,1,0,1,1,1,0,1
B,0,0,0,0,1,1,0,1,0,0,0,0,1,0,1
B,1,1,0,0,1,1,0,1,0,1,1,0,0,0,0
B,0,0,0,0,0,0,0,0,0,1,0,1,0,0,0
B,0,0,1,0,1,1,1,1,0,1,1,1,0,0,0
B,1,0,0,0,1,1,0,0,0,1,1,0,0,0,1
B,1,1,1,1,1,1,1,1,1,1,1,1,1,0,1
B,1,0,0,0,1,1,1,0,1,1,1,1,1,0,1
B,1,0,1,0,1,1,1,1,0,1,0,1,1,1,1
B,0,0,1,0,0,1,0,0,0,0,0,0,0,0,0
B,0,0,0,0,0,0,0,0,0,0,1,1,0,0,1
B,1,0,0,0,0,1,1,1,0,1,0,0,1,0,1
B,0,0,1,0,0,1,1,0,0,1,1,0,0,0,1
B,0,0,0,0,1,0,0,1,0,1,1,0,0,0,0
B,0,0,0,0,0,1,0,0,0,0,1,0,0,0,1
B,0,0,1,0,0,1,0,0,0,0,1,0,0,0,0
B,0,0,0,0,0,1,0,0,0,0,0,0,0,0,0
B,1,1,1,1,1,1,1,1,1,1,1,1,1,0,1
B,1,1,1,0,0,1,0,0,0,1,0,1,0,0,0
B,1,0,0,0,1,1,0,1,0,1,1,1,0,0,0
B,1,0,1,0,1,0,1,0,0,1,0,1,1,0,0
B,0,0,0,0,0,0,1,0,0,1,1,1,1,0,1
B,1,0,0,0,1,1,0,1,0,0,1,0,1,0,1
B,0,0,0,0,1,1,0,0,0,1,0,0,1,0,1
B,0,0,0,0,0,0,0,0,0,0,0,0,1,0,0
B,1,1,0,0,1,1,1,1,0,1,1,1,1,0,1
B,1,1,0,0,1,0,0,1,1,1,0,0,1,0,1
B,1,1,0,0,1,1,0,1,0,1,1,1,0,0,1
B,0,0,1,0,1,1,0,0,0,0,0,0,1,0,0
B,1,0,1,1,1,1,0,0,0,1,0,1,1,0,1
B,1,0,1,0,1,1,0,1,1,1,1,1,0,0,1
B,0,1,1,1,0,1,0,1,0,1,1,0,0,0,0
B,0,0,1,0,0,1,0,1,0,1,1,0,0,0,0
B,1,1,1,1,1,1,1,1,1,1,1,1,1,1,1
B,1,0,1,0,0,0,0,0,0,1,1,1,1,0,1
B,1,0,1,0,0,1,0,1,0,1,1,1,1,0,1
B,0,0,1,0,0,0,0,0,0,0,0,0,1,0,1
B,1,1,1,0,0,1,0,1,0,1,0,1,1,0,1
B,1,0,0,0,1,1,0,0,0,1,1,1,0,0,1
B,0,0,0,0,1,1,1,0,0,0,0,0,0,0,1
B,0,0,0,0,0,0,1,1,0,0,0,0,1,0,0
B,0,0,0,0,1,1,0,0,0,1,0,0,0,0,0
B,1,0,1,0,1,1,0,1,0,1,1,0,1,1,1
B,1,0,1,0,1,1,1,1,0,1,1,1,0,1,1
B,1,0,0,0,1,1,0,1,0,0,0,0,0,0,0
B,1,0,1,0,0,1,1,1,0,1,1,1,0,0,1
B,1,0,1,0,1,1,0,0,1,1,0,1,1,1,1
B,1,0,0,0,0,1,0,1,0,1,0,0,0,0,1
B,1,0,0,0,1,1,1,0,0,1,1,1,1,0,0
B,0,0,0,0,0,1,0,0,0,0,0,0,0,1,0
B,0,1,1,0,1,1,0,1,0,1,1,1,1,0,0
B,1,0,0,1,1,1,1,1,1,1,1,1,1,0,1
B,0,0,1,0,1,0,1,1,0,0,1,1,0,0,0
B,0,0,0,0,0,0,0,0,0,0,0,0,0,0,1
B,1,0,1,0,1,1,1,1,0,1,1,1,0,0,1
B,0,0,0,1,1,1,1,1,0,1,0,0,1,1,1
B,1,0,1,0,1,1,0,1,0,1,1,1,1,1,1
B,1,0,0,0,1,1,0,0,0,1,0,1,1,0,0
B,1,1,0,1,1,1,0,0,0,1,0,0,1,0,0
B,0,0,0,0,1,1,0,0,0,1,0,1,1,0,0
B,1,0,1,0,1,0,1,1,0,1,1,1,0,1,1
B,1,1,1,0,1,1,1,1,0,1,0,0,0,1,1
B,1,0,0,0,1,1,0,1,0,1,1,1,1,0,1
B,0,0,0,0,0,0,0,0,0,0,0,0,1,0,0
B,0,0,1,0,1,1,0,0,0,1,1,1,0,0,0
B,1,1,0,0,1,1,1,1,1,1,1,1,1,0,1
B,1,0,0,0,0,1,0,1,0,1,0,0,1,0,1
B,0,1,1,0,0,1,0,0,0,1,1,1,0,0,0
B,1,0,1,0,1,1,1,1,0,1,0,1,1,0,1
B,1,0,1,0,1,1,1,1,0,1,0,1,1,0,1
B,1,1,1,1,1,1,1,1,0,1,1,1,1,1,1
B,0,1,0,0,1,1,0,0,0,0,1,1,1,0,1
B,1,0,0,0,1,1,0,1,0,1,1,1,1,0,1
B,0,0,0,0,0,0,0,0,0,0,0,0,0,0,1
B,0,0,0,0,1,0,0,0,0,0,0,0,0,0,0
B,1,1,1,0,0,1,0,0,0,1,1,1,0,0,1
B,0,0,0,0,0,1,0,0,0,0,0,0,0,0,0
B,0,0,0,0,0,0,0,0,0,0,0,0,0,0,0
B,1,1,1,1,1,1,1,1,1,1,1,1,1,1,1
B,0,0,1,0,1,0,1,0,0,0,1,0,0,0,0
B,1,1,1,0,1,1,1,1,1,1,1,1,1,0,0
B,1,1,1,0,1,1,1,1,1,1,1,1,1,0,1
B,1,1,1,1,1,1,1,1,0,1,1,1,0,1,1
B,1,1,0,0,1,1,1,1,0,1,0,1,1,0,1
B,0,0,0,0,1,0,0,0,0,0,0,1,1,0,1
B,1,0,1,0,1,1,1,1,0,1,0,1,0,1,1
B,0,0,0,0,0,0,0,0,0,0,0,0,0,0,1
B,0,0,1,0,0,0,1,0,1,0,0,1,1,0,1
B,1,0,1,0,1,1,1,1,1,1,0,1,0,0,1
B,0,0,0,0,1,1,0,0,0,0,0,0,0,0,1
B,0,0,0,0,0,1,0,0,0,0,0,0,0,0,0
B,0,0,0,0,1,1,0,1,0,1,1,1,0,0,1
B,1,0,1,0,1,1,1,1,1,1,1,1,1,1,1
B,1,1,1,0,1,1,1,1,1,1,1,1,1,1,1
B,1,0,0,0,1,1,0,1,0,0,1,0,1,0,1
B,0,0,0,0,1,0,0,0,0,0,0,0,0,0,0
B,1,0,1,1,1,1,0,0,0,1,0,1,1,0,0
B,0,0,0,0,0,0,0,0,0,1,1,0,0,0,1
B,0,0,0,0,1,0,0,0,0,0,0,0,0,0,0
B,1,0,0,0,0,1,0,1,0,1,1,0,0,0,1
B,1,1,0,0,0,1,0,1,1,0,0,0,1,0,1
B,0,0,0,0,0,0,0,0,0,0,1,0,0,0,1
B,0,0,1,1,1,1,0,1,0,0,1,1,1,0,0
B,0,0,0,0,0,1,1,1,0,1,0,0,1,0,1
B,1,1,1,1,1,1,0,1,1,1,1,0,1,0,1
B,1,1,1,1,1,1,1,1,1,1,1,1,1,1,1
B,1,0,0,0,1,1,0,0,0,1,0,0,0,0,1
B,1,0,0,0,1,0,0,0,0,0,0,0,0,0,1
B,1,0,1,0,1,1,0,1,1,1,0,1,1,0,1
B,1,0,0,0,0,1,0,0,0,1,0,0,1,0,1
B,1,0,1,0,0,1,0,1,0,0,0,1,0,0,1
B,0,0,1,0,1,1,0,1,0,1,0,0,0,0,1
B,0,0,0,0,1,1,1,1,0,0,0,1,1,0,0
B,0,0,0,0,0,1,0,0,0,0,1,1,1,0,1
B,1,0,1,0,1,1,1,1,1,1,1,1,1,0,1
B,1,0,1,0,1,1,1,1,1,1,1,1,1,1,1
B,0,0,0,0,1,0,0,0,0,0,0,0,0,0,0
B,1,1,1,0,1,1,1,1,0,1,1,0,1,0,1
B,1,1,1,1,1,1,1,1,0,1,1,1,1,1,1
B,1,0,0,1,1,0,1,0,0,1,0,1,0,0,1
B,1,0,1,0,1,1,0,1,1,0,0,1,1,0,1
B,0,0,0,0,0,0,0,0,0,1,0,0,0,0,0
B,0,0,0,0,1,1,0,1,0,1,0,0,0,0,0
B,0,0,1,0,1,0,0,0,0,1,1,1,1,0,0
B,0,0,1,0,1,1,0,0,0,1,1,1,1,0,1
B,0,1,0,0,0,0,0,0,0,0,1,1,0,0,1
B,1,1,1,0,1,1,1,1,1,1,1,1,1,1,1
B,0,0,0,0,0,1,0,0,0,0,0,1,0,0,0
B,0,0,0,0,0,0,0,0,0,0,0,0,0,0,1
B,0,0,1,0,0,0,0,0,0,0,0,0,0,0,1
B,0,0,0,0,0,1,0,0,0,0,0,0,0,0,1
B,0,0,0,0,0,1,0,1,0,1,1,0,1,1,1
B,1,0,0,0,1,1,0,0,0,1,1,1,0,0,1
B,0,0,0,0,0,0,0,0,0,0,0,0,0,0,0
B,1,0,0,0,1,1,0,0,0,0,0,1,0,0,1
B,0,0,1,0,1,1,0,0,0,0,1,0,0,0,0
B,1,0,1,0,0,0,1,1,1,1,0,0,0,1,0
B,0,0,0,0,1,1,0,0,0,0,1,0,1,0,1
B,1,1,0,0,1,1,1,1,0,1,1,1,1,0,0
B,0,0,0,0,1,0,0,0,0,0,0,0,1,0,0
B,1,1,1,1,1,1,0,1,1,1,1,1,1,1,1
B,1,0,0,0,1,1,1,1,0,1,1,0,1,0,1
B,1,1,1,0,1,1,0,1,0,1,0,1,1,0,1
B,1,0,1,0,1,0,0,0,0,1,0,1,1,0,1
B,0,0,0,1,0,1,0,0,0,0,0,0,1,0,1
B,1,1,1,0,1,1,1,1,0,1,1,0,1,0,1
B,0,1,1,0,0,0,0,0,0,1,0,0,0,0,1
B,0,0,1,0,1,1,0,0,0,1,1,1,0,1,1
B,1,0,1,0,1,1,0,0,0,1,0,0,0,0,0
B,1,1,0,1,0,1,1,1,0,1,1,1,0,0,0
B,0,1,1,0,1,1,1,0,0,1,0,1,0,0,0
B,0,1,0,0,1,1,1,0,1,1,1,1,1,0,1
B,0,0,1,0,1,0,0,0,0,0,1,0,0,0,0
B,1,0,0,1,0,0,0,1,0,1,0,1,0,0,1
B,1,1,1,1,1,1,1,1,0,1,1,1,0,0,1
B,0,0,0,0,0,1,0,0,0,0,0,0,1,0,0
B,1,0,1,0,1,1,1,1,1,1,1,1,0,0,1
B,1,0,0,0,1,1,0,1,0,1,0,1,0,0,1
B,1,1,1,0,1,1,1,1,0,1,1,1,0,1,1
B,0,0,0,0,0,1,0,0,0,0,0,0,0,0,0
B,0,0,0,0,1,1,0,0,0,1,0,0,0,0,0
B,0,0,0,0,1,1,0,1,0,0,0,1,0,0,1
B,1,1,1,0,1,1,1,1,1,1,1,1,1,1,1
B,0,0,0,0,1,0,0,0,0,0,0,0,0,0,1
B,0,0,1,0,0,1,0,1,0,0,1,0,1,0,1
B,1,0,0,1,0,0,0,1,0,0,0,1,0,0,1
B,0,0,1,0,0,1,1,0,1,1,1,0,0,0,0
B,0,1,1,0,1,1,1,0,0,1,1,1,1,0,1
B,0,0,0,0,0,1,0,1,0,1,0,0,0,0,0
B,0,0,0,0,0,1,0,0,0,0,0,0,1,0,0
B,1,1,1,1,1,1,1,1,1,1,0,1,1,1,1
B,1,0,1,1,1,1,1,1,0,1,1,1,1,1,1
B,1,1,1,1,1,1,1,1,0,1,1,1,1,1,1
B,1,0,0,1,1,1,1,1,1,1,1,1,1,1,1
B,0,0,1,0,0,1,0,1,0,0,0,0,0,0,1
B,0,0,0,0,1,1,0,1,0,1,1,0,1,0,0
B,0,0,0,0,0,0,0,0,0,1,0,0,0,0,0
B,0,0,0,0,1,0,0,1,0,0,0,0,0,0,0
B,1,0,1,0,0,0,0,0,0,0,0,0,0,0,1
B,1,1,1,0,1,1,1,1,0,0,0,1,0,0,1
B,0,0,1,0,1,1,0,0,0,1,1,0,1,0,0
B,0,0,0,0,0,0,0,0,0,0,0,0,1,0,1
B,1,1,0,0,1,1,0,1,0,1,1,1,1,0,1
B,0,0,1,0,1,1,1,0,0,1,1,1,0,0,1
B,1,0,1,0,0,1,0,0,0,1,0,1,1,1,0
B,0,1,0,0,0,1,0,0,0,1,0,0,0,0,1
B,0,1,0,0,1,0,0,0,0,1,0,0,0,0,1
B,1,0,1,0,1,1,1,1,0,1,1,1,1,1,1
B,0,0,0,0,0,0,0,0,0,0,0,0,0,0,0
B,1,1,1,0,0,1,0,1,0,0,1,1,1,0,0
B,1,0,0,0,0,0,0,0,0,0,0,1,0,0,0
B,0,0,0,0,0,0,0,0,0,0,0,0,0,0,1
B,1,0,1,0,1,1,0,1,0,0,0,1,0,0,1
B,1,1,0,0,0,1,0,0,0,1,0,1,0,1,0
B,0,1,1,0,1,1,0,1,1,1,0,1,1,0,0
B,1,1,1,0,0,1,0,1,0,1,1,1,0,0,1
B,1,0,0,0,0,0,0,0,0,1,1,1,0,0,1
B,0,0,0,0,0,1,0,0,0,0,0,0,0,0,1
B,1,0,1,0,1,1,0,1,0,1,0,0,0,1,0
B,0,0,0,0,0,0,0,1,0,0,1,0,0,0,1
B,1,0,0,0,0,0,1,1,0,1,1,1,1,0,1
B,0,0,0,0,0,0,0,1,0,0,0,0,1,0,1
B,1,0,0,0,1,1,0,0,0,1,0,1,1,0,1
B,1,1,1,1,1,1,1,1,1,1,1,1,1,1,1
B,1,0,1,1,1,1,1,1,1,1,1,1,1,0,1
B,1,0,1,1,1,1,0,0,0,0,1,1,1,0,0
B,0,1,1,0,0,1,0,1,0,0,0,1,0,0,1
B,0,0,0,0,0,0,0,0,0,0,0,0,0,0,1
B,0,0,0,0,1,0,0,0,0,1,0,0,0,0,0
B,1,1,1,1,1,1,0,1,0,0,1,1,1,0,1
B,1,0,1,0,1,1,1,1,0,1,1,1,1,0,1
B,1,0,1,1,1,1,1,1,1,1,1,1,1,1,1
B,0,1,0,0,0,1,0,0,1,1,0,0,0,0,0
B,1,1,1,1,1,1,1,1,0,1,0,1,1,1,1
B,1,1,0,1,1,1,0,0,0,1,1,1,1,0,1
B,1,1,1,1,1,1,1,1,0,1,1,1,1,1,1
B,0,0,0,1,1,0,1,0,0,1,1,1,1,0,0
B,1,0,1,0,1,1,0,1,0,0,0,1,1,0,1
B,1,0,0,0,1,1,0,0,0,0,0,1,0,0,0
B,1,0,0,1,1,1,1,0,0,0,0,1,0,0,1
B,0,1,0,0,0,1,1,1,0,1,0,1,1,0,0
B,0,0,1,0,1,1,0,1,0,1,0,1,1,0,1
B,0,0,0,0,1,1,0,1,0,0,0,0,1,1,0
B,1,0,1,0,1,1,0,0,0,1,0,0,0,0,1
B,1,1,1,1,1,1,0,0,0,1,0,1,0,0,1
B,0,0,0,0,0,1,0,0,0,0,1,0,1,0,0
B,0,0,1,1,0,0,0,0,0,1,0,0,1,0,1
B,0,0,0,0,0,0,0,0,0,1,0,0,0,0,1
B,0,0,1,0,1,0,0,0,0,0,0,1,0,0,0
B,0,0,0,0,1,1,0,1,0,0,0,0,0,0,0
B,1,0,0,0,0,1,0,1,0,0,0,0,0,0,1
B,0,1,1,0,0,1,0,1,0,1,1,0,1,0,0
B,0,0,1,0,1,1,1,1,0,1,1,1,1,1,1
B,0,1,0,0,0,0,0,0,0,0,0,0,0,0,0
B,1,0,0,1,1,1,1,1,0,1,1,1,0,0,1
B,0,0,1,0,0,1,0,0,0,0,0,0,0,0,1
B,1,0,0,0,0,1,0,0,0,0,0,0,0,0,0
B,0,0,0,0,1,1,0,0,0,1,1,0,1,0,1
B,0,0,0,0,0,1,0,0,0,1,0,0,0,0,1
B,0,0,0,0,1,1,0,0,0,1,0,1,0,0,1
B,1,0,1,0,0,1,0,1,1,0,1,1,1,0,1
B,1,0,1,0,0,1,1,1,1,1,1,1,1,0,1
B,1,1,0,0,1,1,0,1,0,1,0,1,1,0,1
B,0,0,0,0,1,1,0,0,0,0,0,0,1,0,0
B,1,1,1,1,1,1,1,0,0,0,1,0,1,1,1
B,1,0,1,0,1,1,1,0,0,1,1,0,1,0,0
B,1,0,1,0,1,1,0,1,1,1,1,0,1,0,0
B,0,1,0,0,1,1,0,0,0,1,0,0,0,0,1
B,0,0,0,0,1,1,0,1,0,0,1,0,0,0,0
