MC01,MC02,MC03,MC04,MC05,MC06,MC07,MC08,MC09,MC10,MC11,MC12,MC13,MC14,MC15,DR1,DR2,DR3,CR1,CR2,CR3,CR4,PC1,PC2
1,0,0,1,0,1,0,1,1,0,1,1,0,0,1,0,0,1,0,2,2,1,0,0
1,1,1,1,0,1,1,1,1,1,1,0,0,1,1,1,1,0,2,3,0,2,4,2
1,1,1,1,1,0,0,0,0,0,0,1,1,0,1,0,1,0,2,0,2,1,3,2
1,1,0,1,0,1,1,0,0,0,1,0,1,1,0,0,0,0,1,0,1,1,1,0
0,0,0,0,0,0,1,0,0,0,0,0,0,1,0,0,0,0,0,0,0,0,0,0
0,0,0,1,0,1,0,1,1,1,0,0,0,1,0,0,0,1,3,1,0,2,1,1
0,0,0,0,0,0,0,0,1,1,0,0,0,0,0,0,0,0,0,0,0,1,0,1
1,1,1,1,0,1,0,1,0,1,1,1,1,0,1,0,1,1,2,1,3,2,1,4
0,0,1,1,0,0,0,1,0,1,0,1,1,0,0,1,1,1,3,1,2,2,1,2
1,1,0,0,1,1,0,1,0,1,0,1,0,0,0,0,0,0,2,1,0,1,0,1
1,1,1,1,0,1,0,1,1,1,0,0,1,1,1,1,0,0,3,3,1,2,2,3
1,1,0,1,0,1,0,1,0,1,0,0,0,1,0,0,1,0,2,2,0,1,3,2
1,0,0,0,0,1,0,1,0,0,0,0,1,0,0,0,1,0,3,0,1,0,1,1
1,0,1,1,0,1,1,1,0,0,0,0,0,0,0,0,0,1,0,0,1,1,1,1
0,0,0,1,0,0,0,1,0,0,0,1,1,0,1,1,1,0,2,0,1,2,1,4
1,1,0,1,0,1,0,0,1,1,1,0,0,1,1,1,0,1,0,2,2,1,3,2
1,1,1,1,1,0,1,1,1,1,0,1,0,0,1,0,1,1,3,3,2,3,2,3
1,1,1,0,1,1,0,1,0,1,1,0,1,0,0,1,0,0,1,2,1,2,2,0
1,1,1,0,0,1,1,1,1,1,0,1,1,1,0,0,0,1,0,3,2,3,4,2
0,1,0,1,0,1,0,1,0,0,0,1,1,0,0,1,1,0,3,1,1,2,1,3
1,1,0,0,0,1,0,1,0,1,0,0,0,0,0,0,0,0,0,0,0,0,2,1
0,1,1,1,1,0,0,1,0,0,1,1,1,0,0,1,1,1,1,1,3,0,1,3
1,1,1,1,1,1,1,1,1,1,0,1,0,1,1,1,0,1,3,2,3,2,2,2
1,0,0,1,0,1,0,1,0,0,1,1,0,1,0,0,0,0,0,1,0,2,0,3
0,0,0,0,0,0,0,0,0,0,1,1,1,0,1,0,1,0,0,0,0,0,0,1
1,0,0,1,0,1,1,0,0,1,0,1,1,1,0,1,0,1,1,1,1,1,0,1
1,1,1,0,0,1,1,1,0,1,0,1,1,1,0,1,1,1,3,2,0,3,3,3
1,0,0,1,1,1,1,0,0,,0,1,0,1,0,1,0,0,2,1,3,2,1,2
0,0,0,0,0,1,0,1,1,1,0,0,0,0,0,0,0,0,1,0,0,1,0,0
0,0,1,0,0,0,0,1,1,0,0,1,1,0,1,0,1,0,3,0,1,1,2,4
1,0,0,1,0,0,1,1,1,0,1,1,0,0,1,1,1,0,0,1,1,2,2,1
0,1,0,0,1,1,0,1,0,1,0,0,0,1,0,0,0,0,0,0,0,0,0,0
0,0,0,0,0,1,0,1,1,1,0,0,0,0,0,0,1,1,1,0,0,0,1,1
1,1,0,1,0,1,0,1,0,1,0,1,1,0,1,1,0,1,1,0,3,2,2,3
0,0,0,0,0,0,0,1,0,0,0,0,0,0,1,0,0,0,2,2,1,1,0,1
0,0,1,0,0,1,0,0,0,0,0,1,1,0,1,0,0,0,0,1,2,1,2,3
0,0,1,1,0,0,0,1,0,1,0,1,0,0,1,0,1,1,0,0,1,1,1,2
1,1,1,1,1,1,1,1,1,1,1,1,1,1,1,1,1,1,3,3,3,3,4,4
1,0,1,1,1,1,1,1,0,1,1,1,1,0,0,0,0,0,1,0,1,1,1,1
1,1,1,1,1,1,0,1,0,1,0,1,0,0,1,0,1,1,3,3,1,2,3,4
0,1,0,1,0,0,0,1,0,0,0,1,1,1,1,0,0,0,1,1,2,0,0,1
1,0,1,1,0,0,0,1,1,1,0,1,1,0,0,0,0,0,1,1,1,2,2,3
1,1,1,0,0,1,1,1,0,1,1,0,1,0,1,1,1,0,0,3,2,1,1,4
0,1,0,1,0,1,1,1,0,0,1,1,0,1,1,0,0,0,2,0,1,0,1,2
0,1,1,0,0,1,0,0,0,1,0,0,1,0,1,0,1,0,3,1,0,3,2,2
1,0,0,1,0,1,0,0,1,1,1,0,1,1,0,0,1,0,3,2,0,0,1,2
1,1,1,0,0,1,1,0,0,1,0,0,1,0,1,1,1,0,3,2,3,2,3,4
1,0,0,0,0,1,1,0,0,0,0,1,1,1,1,0,1,0,2,3,1,1,,2
1,1,1,1,0,1,1,1,1,0,1,1,1,0,0,1,0,1,2,3,3,2,3,2
1,0,0,0,0,1,0,0,0,0,0,0,0,0,0,0,0,0,0,0,0,0,0,1
0,0,0,1,0,1,0,0,1,1,0,0,0,0,1,0,1,0,1,0,0,3,1,2
0,0,0,1,0,1,0,1,1,1,0,0,0,1,1,0,1,0,3,1,0,2,3,3
1,1,0,1,0,1,0,1,1,1,0,0,1,0,1,1,0,0,2,1,0,1,1,2
0,0,1,0,0,0,0,1,0,1,0,1,0,0,0,0,0,0,1,1,0,0,2,1
0,0,0,1,0,0,0,0,0,0,1,0,1,1,0,0,0,0,3,1,1,0,0,1
0,0,0,0,0,1,0,0,0,0,0,0,0,0,1,0,0,0,1,0,0,0,0,1
0,0,0,0,0,1,0,0,0,1,0,0,1,0,1,1,1,0,0,1,2,1,0,2
0,0,0,1,1,0,0,1,0,1,0,0,0,1,0,1,1,0,2,2,0,1,1,3
0,1,0,0,0,1,0,1,0,1,0,1,0,1,1,1,0,1,2,1,0,2,2,3
1,0,1,1,1,1,1,1,0,1,1,1,0,1,1,0,0,1,1,2,2,1,3,0
0,1,1,1,0,1,0,1,0,1,1,1,1,1,0,1,0,1,1,2,1,2,3,3
1,0,1,1,0,1,0,1,0,0,0,1,1,1,1,1,0,0,1,2,3,2,3,3
0,1,0,1,0,0,0,1,0,0,1,1,0,0,1,0,1,0,2,1,0,2,2,1
1,0,1,1,0,1,0,0,0,1,1,1,1,1,0,0,1,1,1,2,2,0,2,2
1,0,1,1,0,1,1,1,0,0,1,1,1,,0,1,0,0,2,2,2,1,0,1
0,0,0,1,0,1,1,1,0,1,1,0,1,1,1,1,1,0,1,3,1,0,2,3
1,0,0,0,0,1,0,0,1,0,0,0,0,0,1,0,0,0,0,3,0,0,0,1
1,0,1,1,0,1,1,1,0,1,1,1,1,1,1,1,0,0,2,3,3,2,2,3
1,1,0,1,0,1,1,1,1,1,0,1,0,0,1,1,1,0,1,0,0,2,3,2
1,1,1,1,1,1,1,1,1,1,1,1,0,1,1,1,1,1,3,2,3,3,4,3
0,0,0,0,0,1,0,0,1,1,0,0,0,0,1,0,0,0,1,1,0,0,0,0
1,0,1,1,0,1,1,1,0,1,1,1,1,0,1,0,1,0,3,3,2,2,2,4
1,1,1,1,1,1,1,1,0,1,1,0,1,1,1,1,1,1,1,2,0,2,3,3
0,0,0,1,0,0,0,0,0,0,0,0,0,0,0,1,0,0,0,1,1,0,0,0
0,0,1,1,0,1,1,1,1,1,0,1,1,0,0,0,0,0,1,0,0,1,3,3
1,0,1,1,0,1,0,1,1,1,1,1,1,1,1,1,1,1,3,2,2,3,3,4
1,1,1,1,1,1,1,1,1,1,1,1,1,0,1,0,1,1,3,3,3,3,3,3
1,1,1,1,1,1,0,1,1,1,1,1,0,1,1,1,1,1,1,3,2,2,3,4
1,0,0,0,1,1,0,1,0,0,0,0,0,0,0,0,1,0,0,1,0,1,2,1
1,1,1,1,0,1,1,1,1,1,1,1,1,1,1,1,1,1,2,3,3,3,4,3
0,0,0,0,0,1,0,0,1,0,1,1,0,0,0,0,1,0,0,0,0,0,0,0
0,1,0,1,0,0,0,1,0,1,1,0,0,0,1,0,1,0,2,1,3,1,2,2
0,1,0,0,0,1,0,1,0,1,0,1,1,1,0,0,0,0,0,2,2,1,1,1
0,0,1,1,0,1,1,1,0,0,0,1,0,1,1,1,1,0,0,1,1,1,3,2
0,0,0,0,0,1,0,1,0,0,0,0,0,1,0,0,0,0,1,2,1,0,1,0
0,0,0,0,1,0,0,1,0,1,0,0,0,0,0,0,1,0,0,1,0,0,0,0
1,1,1,1,1,0,1,1,0,1,1,0,0,0,1,1,0,1,3,3,3,2,3,3
1,1,1,0,0,1,1,1,1,1,1,1,1,1,1,1,0,1,3,2,1,2,3,3
1,0,0,1,0,0,1,1,0,1,1,1,0,1,1,0,0,0,0,2,2,1,1,1
1,0,1,1,0,1,1,1,0,1,1,1,1,0,0,0,1,0,0,2,2,0,3,3
0,0,1,1,0,1,1,1,1,0,1,1,0,1,1,1,1,,3,3,0,3,2,3
1,0,0,1,1,1,1,1,0,1,1,0,1,1,1,0,0,1,0,0,0,2,3,1
0,0,0,1,0,1,0,1,0,1,0,0,0,0,1,0,0,1,0,2,2,1,3,2
0,0,0,1,0,1,0,1,0,1,1,1,1,0,1,1,1,0,2,0,2,1,2,1
0,1,0,1,1,1,0,1,0,1,0,1,0,0,0,0,0,1,1,1,0,1,2,1
1,0,0,1,0,0,0,1,1,1,1,0,0,0,1,0,1,1,1,1,1,0,2,3
1,1,1,1,0,1,1,1,0,1,0,0,1,1,1,1,1,1,3,3,0,3,3,3
0,0,0,1,0,0,0,1,1,0,0,0,1,0,1,0,0,0,0,1,0,2,2,2
1,0,0,0,0,0,0,0,1,0,0,0,1,0,0,0,0,0,1,1,1,0,2,0
1,1,0,1,1,1,1,1,1,0,1,1,1,1,,0,1,0,2,2,0,3,3,4
0,0,1,1,0,1,0,0,0,1,0,1,1,0,0,0,1,0,1,1,1,0,1,1
1,1,1,1,1,1,1,1,0,1,0,0,0,1,0,0,0,1,3,2,2,2,1,4
1,0,1,0,0,0,0,0,0,0,0,1,1,0,1,1,1,0,0,2,1,1,0,0
0,0,1,0,1,0,0,1,0,0,0,0,1,0,0,0,0,0,0,0,0,0,0,1
0,0,1,1,0,1,0,0,1,0,0,0,0,0,1,0,0,0,1,2,0,1,1,2
1,1,1,0,1,1,0,1,0,1,0,1,0,0,1,1,1,1,1,3,1,2,3,3
1,0,0,0,0,1,1,0,0,0,1,1,1,0,1,0,1,0,1,1,0,0,1,1
0,0,0,0,0,0,0,1,0,0,0,0,0,0,0,0,0,0,0,0,0,0,0,0
0,1,1,0,1,1,1,1,1,1,1,1,1,1,1,1,0,1,1,2,2,1,2,2
1,1,0,1,0,1,1,1,1,0,1,0,0,0,0,1,0,1,2,1,0,1,2,2
1,0,1,1,0,1,0,1,0,1,0,1,0,1,0,1,0,0,2,2,3,2,3,4
1,1,0,1,0,1,1,1,1,1,1,1,0,1,0,1,1,0,2,2,2,1,2,4
1,1,1,1,0,1,1,1,1,1,0,1,0,0,0,1,1,1,2,2,1,2,1,3
1,1,1,1,0,0,0,1,0,1,0,0,1,0,0,0,1,1,1,1,0,0,1,3
1,1,0,1,1,1,1,1,1,1,1,1,0,1,1,1,0,1,3,3,1,3,2,4
0,0,0,1,0,1,0,1,0,1,0,1,0,0,1,1,0,0,2,1,2,2,2,1
1,0,1,1,0,1,1,1,1,1,0,1,0,1,1,0,1,1,2,3,0,3,3,4
1,1,1,1,1,0,0,0,1,1,1,1,0,1,1,0,1,1,3,2,2,3,3,3
0,1,0,0,0,1,0,0,1,1,0,0,0,0,0,0,0,0,0,1,0,0,0,0
0,1,1,1,0,1,0,1,0,0,1,1,1,1,1,1,1,1,1,2,3,3,2,4
1,0,0,1,0,1,0,1,1,1,0,1,1,0,1,0,0,1,2,1,2,2,4,2
1,0,0,0,1,0,0,0,0,1,1,1,0,0,0,1,1,0,1,1,0,0,1,2
0,0,0,0,0,0,0,1,0,1,0,1,0,1,1,0,0,0,3,2,1,1,0,2
1,0,0,0,0,1,0,0,0,0,1,1,1,1,0,0,0,,2,1,1,0,1,0
1,0,0,1,0,1,0,1,1,0,1,0,0,0,1,1,0,0,1,1,1,0,2,1
0,1,1,0,0,1,1,1,1,1,0,1,0,0,0,0,1,0,1,1,1,0,1,3
1,0,0,1,0,1,1,1,1,1,0,1,0,0,0,0,0,0,0,0,1,1,1,1
1,0,0,0,0,1,0,1,0,1,1,1,0,0,1,0,0,0,2,0,3,2,1,2
1,1,0,1,1,1,1,1,1,1,0,1,0,1,0,0,0,1,3,3,2,2,3,2
0,1,0,1,0,0,0,1,0,0,0,1,0,1,0,0,0,1,1,0,1,2,3,1
0,0,0,1,0,0,0,1,0,1,0,0,0,1,0,1,0,0,0,2,1,1,1,0
1,1,0,0,0,1,1,1,0,1,0,1,1,0,0,1,1,0,1,2,0,1,2,3
0,0,1,1,1,1,1,1,1,1,1,1,1,1,1,1,1,1,2,3,1,2,3,4
0,1,0,0,0,1,0,0,0,0,1,0,0,0,0,0,0,0,0,0,0,1,0,0
0,1,1,1,1,1,1,1,1,0,0,1,1,1,1,1,0,1,3,2,2,2,1,4
1,1,1,0,0,0,0,0,0,0,0,1,1,0,1,0,1,0,1,1,2,0,1,1
0,1,1,1,0,1,1,1,0,1,0,1,0,0,0,0,1,1,2,3,2,2,3,3
1,1,0,1,1,1,1,1,1,1,1,1,1,1,1,1,1,1,3,3,3,2,4,4
1,1,1,0,0,1,1,1,0,0,1,1,1,1,0,0,1,1,2,3,2,2,1,3
1,0,1,1,0,1,1,1,0,1,1,0,0,1,1,1,1,0,3,3,2,3,3,4
0,0,0,1,0,1,1,1,0,0,0,1,0,0,1,0,1,0,3,1,2,2,1,1
0,1,0,0,0,0,0,0,0,1,0,0,0,0,1,1,0,0,1,0,0,1,1,1
1,1,0,0,1,0,0,0,0,1,0,1,1,1,0,0,0,1,1,0,0,2,1,0
1,1,0,1,0,1,1,1,0,1,1,1,0,0,1,1,0,1,3,0,1,2,2,3
1,1,0,0,1,1,0,0,0,0,0,1,0,0,1,0,1,1,1,2,1,1,0,2
0,0,1,1,1,1,1,1,0,0,0,1,0,1,1,0,1,1,0,3,0,2,2,3
0,1,1,0,0,1,1,1,0,1,0,1,1,0,1,0,0,0,0,1,3,1,1,3
1,0,1,0,0,0,0,0,0,0,0,0,0,1,1,0,1,0,0,2,2,0,0,0
1,0,1,1,0,1,1,1,0,1,0,0,1,1,1,1,1,0,3,3,1,2,2,4
1,1,0,1,0,1,0,1,1,1,0,1,1,1,0,0,1,0,0,0,,2,1,2
0,0,1,0,0,1,0,0,1,0,0,1,0,1,0,0,0,0,0,0,0,0,0,1
1,1,1,1,0,1,0,0,0,1,0,1,1,0,0,1,0,1,1,3,3,3,2,4
1,1,1,1,1,1,1,1,1,1,1,1,1,1,1,1,1,1,3,3,3,3,3,4
1,1,0,1,1,1,1,1,0,0,1,1,0,0,1,0,0,0,2,1,2,0,2,2
0,1,0,0,0,1,0,0,0,0,1,1,0,1,0,0,0,0,0,0,1,1,2,0
1,1,1,1,,0,1,1,0,1,0,1,1,1,1,1,1,1,1,2,3,2,3,1
1,1,0,0,0,1,1,1,1,1,0,1,1,0,1,0,1,0,1,1,2,0,0,1
1,1,0,1,0,1,0,1,1,1,0,1,0,1,1,1,0,0,2,2,3,2,2,2
1,1,1,1,0,1,1,1,0,1,0,1,0,0,1,1,0,1,2,2,3,1,2,1
0,0,0,0,0,1,0,1,0,0,0,1,1,0,0,0,1,0,0,1,1,0,0,1
0,0,0,1,0,0,0,1,0,0,0,1,0,0,0,0,0,0,2,1,0,0,0,1
1,0,0,0,0,1,1,1,0,1,1,1,1,1,0,1,1,1,3,2,3,1,3,3
0,1,0,1,0,1,0,0,0,0,0,0,0,0,1,0,0,0,2,0,0,1,0,0
1,1,1,1,0,1,1,1,0,1,1,1,1,1,1,0,1,1,3,2,3,3,3,3
0,1,0,0,0,0,0,1,0,1,1,1,1,0,1,1,0,0,1,1,1,2,1,1
1,1,0,1,0,1,0,1,1,1,0,1,1,0,1,0,1,0,2,1,0,1,1,0
0,1,0,0,1,0,0,1,1,0,1,1,1,0,0,0,0,0,0,2,,2,0,1
1,0,1,1,0,1,1,1,1,1,1,1,1,1,1,1,1,1,0,1,3,3,4,4
0,0,0,1,0,0,1,0,1,0,0,0,0,0,0,0,0,0,0,0,3,0,0,0
1,1,0,1,0,1,1,1,1,1,0,1,0,1,1,0,1,0,3,2,0,2,3,2
0,0,0,0,1,0,0,1,0,1,0,1,0,0,1,0,0,0,1,1,2,1,3,2
1,1,0,1,0,1,1,1,0,1,1,1,1,0,0,0,0,1,3,2,0,3,2,4
1,1,1,1,0,1,0,0,1,0,0,1,0,1,1,0,0,0,0,0,1,0,0,2
1,1,1,1,1,1,0,1,0,1,0,1,1,0,1,1,1,1,3,1,1,1,2,3
1,0,1,1,0,1,0,1,1,1,0,1,1,1,1,1,1,1,3,2,2,3,4,4
0,0,1,0,0,0,0,0,0,0,0,0,0,0,0,0,0,0,0,0,1,0,0,1
1,0,0,1,0,1,1,1,0,1,0,1,1,0,0,0,1,1,1,2,0,1,3,3
0,0,1,1,0,1,1,1,1,1,1,1,0,0,1,0,0,0,1,1,0,2,3,3
1,1,0,1,1,1,0,1,0,1,0,0,0,0,1,1,1,1,2,2,3,1,1,2
1,0,0,0,0,1,1,0,0,0,0,1,0,1,0,0,0,0,1,2,0,1,2,0
1,0,1,1,0,1,0,1,0,1,1,1,0,1,0,1,0,1,3,1,0,2,4,4
0,1,0,1,0,1,1,1,1,1,0,1,1,1,1,0,1,0,2,2,3,2,2,4
0,0,0,0,0,1,1,1,1,1,1,1,1,1,1,0,1,1,1,2,2,2,2,3
1,1,1,1,0,1,1,1,0,1,0,1,1,1,1,1,1,1,2,1,2,1,3,3
1,1,1,0,1,1,1,1,0,0,0,1,1,1,1,1,1,1,2,2,3,3,2,3
0,0,0,0,0,1,0,1,0,0,0,1,1,1,1,0,0,0,0,1,0,1,2,2
0,1,0,1,1,1,0,1,0,0,0,1,0,0,0,1,1,0,1,2,2,2,2,2
1,1,1,1,1,1,1,1,1,1,0,1,1,0,1,1,1,1,3,1,2,3,3,4
0,1,1,0,0,0,0,1,0,1,1,1,0,0,1,0,0,0,0,1,2,0,1,2
0,0,0,0,0,0,0,1,0,0,0,0,1,0,1,0,0,0,1,0,0,2,0,2
0,0,0,1,0,0,1,0,0,1,1,1,0,0,0,1,1,0,1,0,1,1,1,1
1,1,1,1,0,0,0,1,0,1,1,1,1,1,1,1,0,1,1,1,0,1,2,2
1,0,0,0,1,1,1,0,0,1,0,1,0,1,1,1,0,1,0,2,2,3,2,2
1,0,1,0,0,1,0,1,0,1,0,1,1,1,0,1,1,0,1,0,2,2,1,2
0,0,0,1,0,1,1,0,0,1,0,1,0,1,0,1,1,1,2,2,2,0,1,3
1,0,1,1,1,1,1,1,1,1,0,1,1,1,1,1,1,1,3,2,3,2,3,3
0,0,0,1,0,0,0,0,1,0,1,1,0,0,1,1,1,0,3,0,1,1,1,1
0,0,0,0,0,1,0,0,0,1,1,0,1,1,0,0,1,0,2,1,2,2,1,4
0,0,1,1,0,0,1,1,0,1,1,1,0,0,1,0,1,1,3,2,1,1,3,2
0,1,0,0,0,1,0,1,0,1,0,0,1,0,0,0,0,0,1,0,0,1,0,0
1,0,0,1,0,0,0,0,1,0,0,0,0,0,1,0,0,0,0,,1,1,1,0
1,0,0,1,0,1,0,1,0,1,1,1,0,0,1,0,0,0,1,2,3,2,0,3
0,1,1,1,0,0,0,0,0,1,0,0,0,0,0,0,1,0,0,0,0,0,0,1
0,0,0,0,1,1,1,1,1,0,0,1,0,0,0,0,0,0,1,1,3,1,0,2
1,1,1,1,0,1,1,1,0,1,0,1,0,1,1,1,0,0,3,,3,2,3,3
1,1,1,1,1,1,1,1,0,0,0,1,1,1,1,1,1,1,3,1,1,2,1,1
0,1,0,0,0,0,0,1,0,0,0,0,0,0,0,0,0,0,0,1,2,1,0,1
1,0,1,1,0,1,1,1,0,0,1,1,1,1,1,1,0,1,3,2,0,3,3,4
0,1,0,0,0,1,0,0,0,1,1,0,1,0,1,0,1,0,0,2,0,0,1,0
0,0,0,1,0,1,0,0,0,1,0,0,0,1,1,0,1,1,1,1,1,0,1,1
1,1,1,1,0,1,1,1,1,1,0,1,1,1,1,0,1,1,3,2,3,2,1,3
1,0,0,0,0,0,0,0,0,0,1,0,0,1,1,0,0,0,0,0,0,1,1,1
0,0,0,0,0,0,1,1,0,0,0,0,1,0,1,0,0,0,0,0,1,1,1,0
1,0,1,0,0,0,1,1,0,0,1,1,1,0,1,1,0,1,3,2,1,1,2,2
0,1,0,0,0,0,0,1,1,0,1,1,0,0,0,0,0,1,1,1,1,0,1,1
0,0,0,0,0,1,1,0,0,0,0,1,1,0,0,0,0,0,2,1,0,0,2,2
1,0,1,1,1,0,1,1,0,1,0,1,0,1,1,1,1,0,1,2,1,2,1,3
1,0,1,0,1,1,1,1,1,1,0,1,1,1,1,0,0,1,2,0,3,1,2,2
1,0,1,0,1,1,0,1,0,1,0,1,1,1,1,,0,1,0,2,3,0,4,2
1,0,1,0,1,1,1,1,1,0,0,1,0,1,1,1,0,1,2,2,0,2,2,4
0,0,0,1,0,0,1,0,0,0,0,0,0,0,0,0,0,0,1,0,0,0,1,0
0,1,0,0,0,0,0,0,1,1,0,1,1,0,1,0,0,0,0,0,0,0,0,0
1,1,1,1,0,1,1,1,1,1,0,1,1,0,1,0,0,1,3,2,3,2,2,2
1,0,0,1,0,1,0,1,1,0,1,0,0,1,0,0,1,1,1,0,3,2,2,2
0,1,1,0,0,1,1,1,1,1,0,1,0,1,1,1,0,0,2,1,0,1,3,3
1,1,0,1,0,0,0,1,1,0,0,1,0,1,1,1,0,1,0,1,2,1,1,1
0,1,1,1,0,0,0,0,0,1,0,1,0,0,1,0,1,0,3,0,0,1,3,0
0,0,0,0,0,1,0,0,0,0,0,1,0,0,0,0,0,1,1,2,0,0,1,2
1,1,1,1,1,1,1,1,1,1,1,1,1,1,0,1,1,1,3,3,2,2,3,3
1,1,1,1,0,1,1,1,1,1,0,1,1,0,1,1,1,1,0,2,3,2,3,2
0,1,1,1,0,1,0,1,0,1,1,1,0,1,1,0,0,0,0,2,2,2,2,1
1,1,0,1,1,1,0,1,1,0,1,1,1,0,0,1,1,0,2,1,1,2,2,3
1,1,1,1,0,1,1,1,0,0,1,1,0,1,1,1,1,1,2,3,3,1,4,3
1,1,1,1,1,1,1,1,1,1,1,1,0,1,1,0,1,1,3,3,3,2,2,4
0,0,0,1,0,0,0,0,0,0,1,0,0,0,0,0,0,0,0,0,0,0,0,1
0,1,1,1,1,0,0,1,1,1,0,1,0,0,0,1,1,1,3,3,0,2,2,3
0,0,0,0,0,1,1,1,0,1,0,1,1,0,0,1,1,1,1,2,3,2,2,3
0,1,0,1,0,0,0,0,0,1,0,1,1,0,1,0,0,1,0,2,1,1,0,2
0,1,0,1,0,1,1,0,0,1,0,0,0,0,0,1,1,0,2,0,0,1,1,1
1,1,1,1,1,1,1,1,0,0,0,1,1,0,1,1,1,1,3,1,2,2,3,4
1,1,0,0,0,1,1,1,0,0,0,1,1,1,1,0,0,0,2,3,1,2,1,2
1,1,1,1,1,1,1,1,1,1,1,1,1,1,1,1,1,1,1,3,3,3,4,4
1,1,0,1,0,1,1,1,1,1,1,1,1,1,1,1,1,0,2,3,3,2,3,4
1,1,1,0,0,1,0,1,0,1,0,1,1,0,1,1,0,1,3,1,1,3,3,2
1,1,1,1,0,1,1,1,1,0,0,1,0,1,0,0,1,1,3,1,3,1,0,1
1,0,1,1,0,1,0,0,0,0,1,1,0,0,0,0,0,1,1,1,0,1,1,2
1,0,0,1,1,1,1,1,0,1,1,1,1,0,1,0,1,1,3,2,2,2,3,2
1,0,0,0,0,1,1,1,0,0,0,0,0,0,0,1,1,0,0,3,0,0,1,2
0,0,1,0,0,1,0,1,0,0,1,1,0,0,1,0,0,0,1,1,2,1,1,2
1,1,1,1,0,1,0,1,0,0,1,0,0,0,1,0,1,0,1,0,0,1,0,0
1,0,1,1,1,1,1,1,1,1,0,0,1,1,1,1,1,0,2,2,1,1,3,1
1,1,1,1,0,1,1,1,1,1,0,1,1,0,1,1,1,0,3,1,2,2,3,2
0,0,0,0,0,0,0,1,0,0,1,0,0,0,0,0,0,0,3,1,0,0,0,1
1,0,0,0,0,1,0,1,0,1,0,1,0,0,1,0,1,1,2,2,2,1,2,0
1,0,0,1,1,0,0,0,1,0,0,1,0,1,0,0,0,0,0,2,0,1,1,2
0,0,0,1,1,0,0,1,0,0,0,1,0,1,1,0,1,0,2,3,2,2,1,1
0,0,0,0,0,1,0,1,0,0,1,0,1,1,0,0,0,1,1,0,1,0,1,1
1,1,0,0,0,1,0,1,1,0,0,0,1,1,0,0,0,1,0,2,1,1,0,0
0,0,1,0,0,0,0,0,0,0,0,1,0,0,0,0,0,0,0,1,0,1,2,1
1,1,0,0,0,1,0,1,0,0,0,1,1,0,0,0,1,0,3,2,0,1,1,1
1,1,1,1,0,0,0,0,1,1,0,1,0,0,0,0,0,0,0,0,1,0,0,1
1,1,1,1,1,1,1,1,1,1,0,1,0,0,1,0,1,0,2,0,1,2,3,2
0,0,1,1,0,1,0,1,0,0,0,0,0,0,1,1,1,1,0,0,3,0,1,0
1,1,1,0,0,1,1,1,0,1,0,1,0,1,1,0,0,0,2,2,3,3,2,1
0,0,1,1,0,0,1,0,0,0,0,1,0,0,0,0,0,0,0,2,0,0,2,1
0,0,1,1,1,0,0,1,1,1,0,1,0,1,1,0,0,1,3,3,3,3,2,3
1,1,1,1,0,1,1,1,1,1,1,1,1,1,1,1,1,1,3,3,3,1,2,4
1,1,0,1,0,1,0,1,0,1,1,0,0,1,0,1,1,0,2,0,1,2,1,2
1,0,0,0,0,0,1,1,0,0,0,0,0,0,0,0,0,0,0,0,1,0,0,1
1,0,1,1,0,1,1,1,0,1,0,1,0,0,1,0,0,0,3,0,2,3,2,2
0,1,0,0,0,1,0,1,0,0,0,1,1,0,1,1,0,0,1,2,3,0,0,2
1,1,0,0,0,0,0,0,0,0,0,0,0,1,0,0,0,0,0,0,3,0,0,0
0,0,0,0,0,0,0,1,0,0,0,1,0,0,0,0,0,0,0,1,1,0,1,1
1,0,0,1,0,0,0,1,1,0,0,0,0,0,1,1,1,0,0,0,1,2,1,2
1,1,1,1,1,1,1,1,1,1,0,1,0,0,0,0,1,1,3,1,3,3,2,2
1,1,1,1,0,1,0,1,0,0,0,1,1,0,1,1,1,0,3,2,2,1,2,2
0,1,1,1,0,1,0,1,0,1,0,0,0,0,1,1,0,0,2,1,1,0,1,2
1,1,0,1,1,1,0,1,1,1,0,1,0,0,0,1,1,1,2,3,1,2,3,2
0,0,0,0,0,1,0,1,0,0,0,1,0,0,1,0,1,0,2,1,1,1,1,1
0,0,0,0,0,1,0,0,0,0,0,1,0,0,0,0,0,0,0,0,1,0,1,1
1,0,0,0,1,0,0,1,0,0,1,0,0,0,0,1,1,0,2,1,2,0,1,0
1,1,0,0,0,1,0,0,1,0,0,0,0,0,0,0,1,0,2,0,1,2,1,1
1,0,0,1,0,1,1,1,0,0,1,1,0,0,0,0,0,0,1,1,1,0,1,1
0,1,1,0,0,0,1,1,0,1,0,1,1,1,1,0,1,1,1,2,3,3,4,3
0,1,1,1,0,1,0,1,0,0,0,1,1,0,1,0,0,0,3,3,2,1,2,3
1,1,1,1,0,1,1,1,1,1,1,1,1,1,1,1,1,1,3,3,2,3,3,4
0,1,1,0,0,1,0,0,0,1,0,1,1,0,0,0,0,0,1,0,1,0,0,1
0,0,0,0,0,1,0,1,1,0,1,0,0,0,1,1,0,0,1,1,2,1,2,3
1,0,1,1,0,1,1,1,0,1,1,1,0,1,1,0,0,0,1,2,2,1,2,1
1,0,1,0,0,1,1,1,1,0,0,1,0,1,0,0,1,1,1,2,3,1,2,2
1,1,1,1,1,1,1,1,0,1,1,1,0,1,1,0,0,1,3,2,3,3,3,3
0,1,0,0,0,1,0,1,0,1,0,0,0,0,1,0,1,1,2,3,2,2,2,2
0,0,0,0,0,1,0,1,0,1,1,1,0,0,0,0,0,0,0,2,0,0,1,1
0,0,0,0,0,0,0,1,0,0,0,0,0,1,0,0,0,0,0,0,0,1,0,0
1,1,1,1,0,1,1,1,1,0,1,1,1,0,1,1,1,1,3,1,3,2,3,4
0,0,0,1,0,0,0,1,0,1,0,1,1,0,0,1,0,0,1,0,0,0,0,0
0,1,0,0,0,0,0,1,1,0,0,1,0,0,1,1,1,0,2,3,1,0,1,1
0,0,0,1,1,1,0,1,0,1,0,1,0,1,1,0,0,0,2,1,2,2,2,2
1,1,1,1,0,1,1,1,1,1,1,1,0,0,1,0,1,1,3,2,2,3,3,4
1,1,0,0,1,1,0,1,1,1,1,1,1,1,1,0,1,0,1,2,3,2,3,3
1,0,1,1,0,1,1,1,1,1,0,1,1,1,1,0,1,1,3,3,0,2,4,4
0,0,1,1,0,1,0,1,0,1,0,0,0,0,0,0,0,0,2,0,0,2,1,1
1,0,1,1,1,1,1,1,0,0,0,1,1,1,0,1,1,1,3,3,3,2,3,3
0,1,1,1,0,1,0,1,1,1,1,0,0,0,1,1,1,0,0,2,3,2,2,2
0,1,1,0,0,1,0,0,1,0,0,1,0,0,1,1,0,0,3,0,0,0,1,0
1,1,1,0,0,1,0,1,0,0,0,0,0,0,1,0,0,1,2,2,0,2,2,3
1,1,0,1,0,1,1,1,1,1,1,0,1,1,1,1,1,1,3,1,2,3,4,3
1,1,1,1,0,1,1,1,0,0,0,1,0,1,1,1,1,1,2,3,3,2,2,4
0,1,0,0,0,0,0,0,0,0,1,0,0,0,0,0,0,0,1,1,0,0,0,1
0,1,0,0,0,0,0,0,0,0,0,1,0,0,0,0,0,0,0,2,0,1,0,1
1,1,0,1,1,1,1,0,0,0,0,1,0,0,1,0,0,1,2,3,1,1,3,3
1,1,0,1,0,1,1,1,1,0,0,1,0,0,1,0,1,1,0,0,2,2,3,3
1,1,0,1,0,1,0,1,0,1,1,0,0,0,0,1,0,0,3,1,1,1,1,1
0,0,0,0,0,0,0,0,0,0,0,0,0,0,0,0,0,0,0,0,2,1,0,1
0,0,1,1,0,0,0,1,0,1,1,0,1,0,1,0,0,0,0,1,2,0,1,1
1,1,1,1,0,1,1,1,1,1,1,1,1,1,0,0,1,1,2,3,1,3,3,3
1,0,1,0,1,1,1,1,1,1,1,1,1,1,0,1,1,1,2,0,2,1,4,4
0,0,0,0,0,0,0,0,1,0,0,0,0,1,0,0,,0,1,0,0,0,0,2
1,1,1,1,1,1,1,1,1,1,0,1,1,1,1,0,1,1,2,3,2,2,4,3
0,0,0,0,0,1,1,1,0,1,1,1,0,0,0,0,1,0,3,1,2,2,1,3
1,1,0,1,0,1,1,1,1,1,0,1,1,1,1,0,1,0,2,0,3,2,1,3
1,1,0,1,0,0,1,1,1,1,0,1,0,1,0,1,1,0,3,2,,3,4,4
1,1,0,1,0,1,1,1,0,1,1,0,0,1,1,1,1,0,0,0,3,2,0,4
1,1,0,1,0,1,0,1,0,1,0,0,1,1,0,0,1,1,3,2,0,1,0,3
0,1,0,1,0,0,0,0,0,0,0,1,0,0,0,0,0,0,0,2,1,0,0,3
0,1,1,0,0,1,1,0,0,1,1,1,1,0,1,1,1,1,3,1,0,1,1,2
0,0,1,1,0,1,0,1,1,1,0,0,0,0,1,0,0,0,1,0,1,2,2,2
1,1,0,1,1,1,1,0,1,1,1,1,0,1,0,0,1,1,1,2,2,3,4,3
1,0,1,0,1,1,1,1,0,1,0,1,0,0,1,0,1,0,0,1,1,2,1,1
0,0,0,1,0,1,1,0,0,0,0,0,1,0,1,0,0,0,1,2,1,1,1,2
1,1,0,0,0,0,1,1,0,1,1,1,0,0,1,0,1,0,1,3,1,2,1,3
0,1,1,1,0,1,1,1,0,0,0,1,0,1,1,0,1,0,0,1,2,0,2,2
1,1,1,1,0,1,1,1,1,1,0,1,1,1,1,1,1,1,3,2,1,3,3,4
0,1,1,1,0,1,1,1,0,1,0,1,0,0,1,0,0,0,2,1,2,1,1,1
1,0,1,0,0,1,0,0,0,1,0,0,1,1,0,0,1,0,1,0,0,2,1,1
0,0,0,0,0,0,0,1,0,0,1,1,0,0,0,0,0,0,0,1,1,0,0,1
1,1,1,1,1,1,1,1,1,1,1,1,1,1,1,1,1,1,,3,0,3,3,4
1,1,1,0,0,0,0,1,1,1,0,1,1,0,1,0,0,0,1,3,1,2,2,3
0,1,0,0,0,0,0,1,0,1,0,1,1,1,0,0,0,0,1,2,1,2,1,2
0,1,0,0,0,1,0,1,0,0,0,0,0,0,1,0,1,0,0,1,0,0,2,3
0,0,0,0,0,0,0,1,0,0,0,1,0,0,0,0,0,0,0,1,0,1,0,1
1,1,0,1,0,0,1,1,1,1,1,1,1,0,0,0,1,1,3,2,2,3,3,3
1,0,1,0,0,0,0,1,0,1,0,1,1,0,0,0,0,0,0,0,1,0,0,1
1,1,1,1,0,1,1,1,1,1,0,1,1,1,1,1,1,1,2,1,1,2,2,3
0,0,0,0,1,1,0,1,0,0,0,0,1,0,0,0,0,0,2,0,0,2,1,1
0,1,0,0,0,1,0,1,0,0,0,1,0,1,1,1,1,0,1,3,2,2,2,2
1,1,1,1,0,1,1,1,1,1,1,1,,0,0,0,1,0,3,3,0,3,3,2
0,1,0,0,0,1,0,0,0,0,0,1,0,0,0,0,0,0,1,1,0,1,2,1
1,0,0,0,0,1,1,1,0,1,0,0,0,1,1,1,0,0,0,3,1,1,1,1
1,1,0,0,0,1,1,1,0,0,0,1,0,1,0,0,0,1,0,1,0,1,1,3
1,1,1,1,0,1,0,0,0,1,0,1,0,0,1,1,0,0,0,0,2,1,3,3
1,1,0,1,0,1,1,1,0,1,0,1,1,1,0,0,0,1,2,2,0,1,1,2
1,0,1,0,0,1,0,1,0,0,1,1,1,0,0,0,0,0,2,2,2,1,1,1
1,1,1,1,0,1,1,1,1,1,0,1,1,1,1,1,1,1,1,2,2,2,3,3
0,0,0,0,0,1,1,1,1,0,0,0,1,0,0,1,0,0,3,2,1,2,0,2
1,0,1,1,0,1,1,1,1,1,1,1,1,1,1,1,1,1,3,3,3,3,3,3
1,0,1,1,1,1,1,1,0,1,1,1,1,1,1,1,1,1,3,3,3,2,3,4
1,1,0,0,1,1,1,1,0,1,0,1,0,1,1,0,1,1,1,0,0,3,1,3
1,1,1,0,0,1,0,1,0,1,0,1,1,1,1,1,0,0,0,0,1,2,1,3
0,0,0,1,0,1,0,0,1,0,0,0,0,0,0,0,0,0,0,0,0,1,0,0
0,1,1,0,0,1,0,0,0,0,0,1,0,0,0,0,1,1,0,0,0,1,1,2
0,1,0,1,0,1,1,1,0,0,0,1,0,1,1,1,1,0,2,2,3,2,2,4
0,0,0,1,0,1,0,1,1,0,1,0,1,0,1,0,0,1,1,1,0,2,3,3
1,0,0,0,0,1,0,1,0,0,0,0,0,1,0,0,0,0,0,3,0,0,1,2
0,1,0,1,0,1,0,1,0,0,1,1,1,0,1,0,0,0,1,1,1,1,1,2
0,0,0,1,0,1,0,1,0,0,0,0,0,0,0,1,0,0,2,0,0,1,2,1
0,0,1,1,0,1,0,0,0,1,0,0,1,1,1,0,0,0,3,1,1,2,0,3
0,0,0,0,1,1,0,0,0,0,0,1,0,0,0,0,0,1,0,0,0,0,1,0
1,1,0,1,1,1,1,1,1,0,0,1,1,1,1,1,1,1,2,2,3,3,3,3
1,1,1,1,0,1,1,1,1,1,1,1,0,1,1,0,1,1,2,3,3,2,3,4
1,1,0,1,0,1,1,1,0,1,0,1,1,0,0,0,1,0,3,2,2,2,2,3
1,0,0,1,0,1,0,1,0,0,0,1,1,0,0,0,,1,3,1,0,2,0,0
0,0,1,1,0,1,1,1,0,0,0,1,0,0,0,1,1,1,2,1,3,3,3,4
1,0,1,1,1,1,1,1,1,0,0,1,1,1,1,1,1,1,3,3,3,1,4,4
1,1,1,1,0,1,1,1,1,1,1,1,1,1,1,1,1,1,1,3,2,3,3,3
1,0,0,1,1,0,1,0,1,1,0,1,1,1,1,0,1,1,2,0,2,2,2,3
0,0,0,0,0,1,1,1,1,1,1,1,0,1,1,0,0,0,1,2,1,1,4,3
1,0,1,1,1,1,1,1,0,1,0,1,1,0,1,1,1,1,3,3,3,2,4,4
0,0,0,1,0,0,0,0,0,0,1,0,0,0,0,1,1,0,2,2,0,0,0,1
1,0,0,0,0,1,0,0,0,0,1,0,1,0,0,0,0,0,0,0,0,2,1,2
1,1,1,1,0,1,1,0,0,1,1,1,1,0,1,1,1,1,3,2,1,3,3,3
1,0,0,1,1,0,0,0,0,1,0,1,0,1,0,0,0,0,3,1,0,1,1,1
1,1,0,0,0,0,1,0,1,1,0,0,1,0,0,0,0,0,1,1,0,2,1,2
1,0,1,1,0,1,1,1,1,1,1,1,1,0,1,1,0,1,1,2,3,2,4,3
0,1,1,0,1,1,0,1,0,0,0,1,1,0,0,0,1,1,1,1,2,1,1,2
1,1,0,1,0,0,0,1,0,1,1,1,1,0,1,1,1,1,2,3,3,1,2,4
1,1,0,0,0,1,1,1,1,1,1,1,1,0,1,0,1,0,3,1,3,3,2,3
1,0,1,1,0,1,1,1,0,1,0,1,0,1,0,1,1,1,3,2,2,2,1,3
0,1,0,0,0,1,0,1,0,1,1,1,1,1,0,0,0,1,1,1,3,0,1,2
1,1,0,0,0,0,1,1,0,0,0,0,1,0,1,0,1,0,1,2,0,1,1,0
1,0,0,1,0,1,0,1,0,1,1,1,0,1,0,0,0,0,1,1,2,1,3,2
1,1,0,1,1,0,1,1,0,0,0,1,1,0,0,1,1,0,1,2,1,2,1,3
1,0,1,1,0,0,0,1,1,0,0,1,0,1,0,0,0,1,1,3,0,2,2,1
1,1,0,1,0,1,1,0,0,0,0,1,0,1,1,1,1,1,1,2,1,2,1,2
1,1,1,1,0,1,0,1,1,1,1,1,1,1,1,1,1,1,3,3,2,3,3,3
1,1,0,1,0,0,0,1,0,0,1,1,1,0,0,0,0,0,1,1,1,1,1,1
1,0,0,0,0,1,0,1,1,1,0,1,0,0,0,0,0,1,2,1,2,0,1,2
1,1,1,1,0,1,1,1,1,1,0,1,1,1,1,1,0,1,3,3,2,3,,4
1,1,0,1,1,1,1,1,0,0,0,1,1,1,1,0,1,0,1,0,2,2,2,2
0,0,0,1,0,1,0,1,0,0,0,0,0,0,0,0,1,0,2,0,1,0,1,1
1,0,0,1,0,1,0,1,1,1,0,0,1,0,1,0,1,0,2,1,1,1,3,2
1,0,0,1,0,1,1,1,0,1,1,1,1,0,0,0,0,0,3,3,3,0,2,2
1,1,1,1,0,1,1,1,1,1,0,1,1,1,1,1,0,1,0,1,2,3,4,3
0,0,0,1,0,0,1,1,1,0,0,1,1,0,0,0,0,0,2,0,3,0,0,1
0,0,0,1,0,0,1,1,0,1,1,0,0,0,1,0,1,0,0,0,0,1,1,2
0,1,0,0,0,0,1,0,0,0,0,1,0,0,1,0,0,0,1,1,1,1,1,2
0,0,0,1,0,0,0,1,0,0,0,0,0,0,0,0,0,0,2,1,1,0,0,1
0,1,0,0,0,0,0,0,1,0,0,0,0,0,1,1,0,0,1,0,0,1,0,1
1,0,0,0,1,1,0,0,0,1,1,1,1,0,1,0,0,0,,2,1,2,2,2
1,1,0,1,0,0,0,1,0,1,1,1,1,0,1,0,0,0,1,0,0,,0,1
1,0,0,1,0,1,0,1,1,1,0,1,0,0,0,0,0,0,0,2,2,1,1,2
1,1,1,1,0,1,1,1,1,1,0,1,1,1,1,1,1,1,3,3,3,3,3,4
1,0,1,0,0,1,0,1,0,1,1,1,0,0,1,1,1,1,3,2,1,2,3,3
1,0,1,1,1,1,1,1,1,1,1,1,1,1,0,0,1,0,2,2,3,1,3,3
1,0,0,0,0,1,0,1,0,0,0,1,1,0,1,0,1,0,2,1,3,1,2,2
,1,1,1,1,1,1,1,1,1,1,1,1,1,1,0,1,1,2,3,3,3,3,4
1,0,0,1,0,1,1,1,0,0,0,1,,1,0,0,1,1,2,3,1,3,1,1
0,1,0,0,0,1,0,1,0,0,1,0,0,0,0,0,0,0,0,0,0,0,0,0
0,0,0,1,0,1,0,1,0,1,0,0,1,1,0,1,0,1,2,2,1,2,1,3
1,0,1,1,1,0,1,1,0,1,0,1,0,0,0,1,0,0,0,1,2,2,0,1
1,1,0,1,0,1,0,0,1,0,0,1,0,0,1,0,1,0,2,2,0,1,1,2
1,1,0,0,0,1,0,0,1,1,0,1,0,0,1,1,1,1,1,3,3,2,1,4
0,0,1,0,0,1,1,0,0,0,0,1,0,1,1,1,1,0,2,2,1,3,1,2
0,0,0,0,0,0,0,0,1,0,0,0,0,0,1,0,0,0,1,0,2,0,1,0
1,1,0,1,0,1,1,1,0,0,0,1,1,0,1,1,1,0,2,1,2,2,3,2
0,0,1,0,0,1,0,1,0,0,1,1,1,0,1,0,1,1,3,,2,1,3,1
0,1,0,1,0,1,0,0,0,0,0,0,1,0,0,1,0,0,2,1,0,0,1,2
0,0,0,0,0,1,0,0,0,0,0,0,1,0,0,0,0,0,0,1,2,0,1,2
0,1,0,1,0,1,0,1,0,1,0,1,1,1,1,1,1,0,1,1,0,2,2,2
1,1,1,1,1,1,1,1,1,1,0,0,0,1,1,0,1,1,2,3,1,2,3,4
1,0,1,1,0,0,1,0,0,0,0,0,0,0,0,0,0,0,3,2,3,0,0,1
1,0,1,1,1,0,0,1,1,0,0,1,0,0,0,0,1,0,1,3,2,0,1,2
1,0,1,0,1,1,0,1,1,1,0,1,1,1,1,0,0,1,0,2,0,2,3,2
1,0,1,1,0,1,1,1,0,0,0,1,0,0,1,0,0,1,1,2,2,0,1,2
0,1,0,0,0,0,1,0,0,0,0,0,0,1,0,0,0,0,0,0,0,2,0,1
1,0,0,1,0,1,1,0,1,0,1,0,0,0,0,0,0,0,2,1,1,1,1,2
1,1,1,1,0,1,1,1,0,0,0,1,0,0,1,1,0,1,3,3,1,3,2,3
0,0,1,0,0,1,0,0,1,0,1,1,0,0,1,0,1,0,2,0,2,1,2,0
1,0,0,1,0,1,1,1,0,0,0,1,0,1,1,0,0,1,3,,2,2,4,1
0,1,0,0,0,1,0,0,1,0,0,1,1,1,1,1,0,1,0,1,2,2,1,1
1,1,1,1,0,0,1,1,1,1,1,1,0,0,1,0,0,0,1,0,3,2,2,2
0,1,0,0,0,1,1,1,0,0,0,0,0,1,0,0,0,0,0,1,3,1,1,0
1,1,1,1,0,1,1,1,0,0,0,1,0,1,1,0,0,1,2,3,2,3,2,4
1,1,1,1,0,1,1,1,0,1,1,1,0,0,1,1,0,1,3,1,1,3,2,4
0,0,1,0,0,0,1,1,0,0,0,1,0,0,0,0,0,0,0,2,2,0,1,1
1,1,1,1,0,1,1,1,1,1,1,1,1,0,1,0,1,1,2,1,3,1,3,4
1,0,0,1,1,0,1,1,0,1,1,0,1,0,1,1,1,1,2,1,2,2,2,3
0,0,0,0,0,1,0,0,0,0,0,0,0,0,0,0,0,0,0,1,2,0,0,1
0,0,0,0,0,1,0,1,0,0,0,1,1,0,0,0,0,0,1,1,0,0,1,0
1,1,0,1,1,1,1,1,1,1,0,0,1,0,1,1,1,1,3,3,2,3,3,4
1,1,0,1,1,0,1,0,0,1,0,1,0,0,1,0,1,1,2,1,1,2,1,2
0,0,0,1,1,1,0,1,1,1,1,0,0,0,1,0,0,0,1,2,1,1,3,2
1,0,1,0,0,0,0,0,1,0,1,1,0,0,1,1,0,1,0,1,0,2,2,1
0,1,0,1,0,0,0,1,0,1,0,1,0,0,0,0,0,0,1,0,1,0,0,1
1,1,0,0,1,1,1,1,1,0,1,1,1,1,0,0,1,1,2,1,1,2,2,3
1,1,0,0,0,1,0,0,1,1,1,1,0,0,1,0,1,1,3,0,1,1,2,1
0,0,1,1,1,0,0,1,0,0,0,1,1,0,1,0,1,1,3,0,1,1,1,2
1,1,0,0,0,1,0,1,0,1,0,1,1,0,1,1,0,1,1,1,2,1,0,2
1,0,1,1,0,1,0,1,1,1,1,1,1,0,0,0,0,1,3,2,3,2,3,3
1,1,1,1,0,0,1,1,0,1,1,1,1,1,1,1,1,1,2,3,1,3,4,4
0,1,0,1,0,1,0,1,1,0,1,0,0,1,0,1,0,0,0,2,0,1,1,2
0,0,0,0,1,1,0,0,0,1,0,0,1,0,0,0,0,0,1,0,0,1,2,1
1,1,1,1,1,1,1,1,1,1,1,1,1,1,1,1,1,0,2,2,3,3,4,4
1,0,1,1,1,1,0,1,1,1,1,0,0,1,0,1,1,1,1,3,1,1,1,2
1,0,1,1,0,1,1,1,0,1,1,1,0,1,1,0,1,1,3,2,0,2,2,3
0,1,1,1,0,1,0,1,0,1,0,1,1,1,1,0,1,1,3,2,3,1,3,1
0,1,0,1,0,1,0,1,1,0,0,1,1,0,1,0,0,1,3,1,0,2,1,2
0,0,1,0,1,1,0,1,1,1,0,0,1,0,1,0,1,1,0,0,3,1,1,0
1,0,1,1,1,1,1,1,0,0,0,1,0,1,1,0,0,1,2,2,2,3,3,3
1,1,0,1,0,1,0,1,1,1,0,1,1,0,0,0,1,1,2,0,1,1,3,3
0,1,1,0,0,0,0,1,0,0,0,0,1,0,1,0,0,0,3,0,0,1,2,1
1,1,0,1,0,1,1,1,0,1,1,1,1,1,1,1,1,1,1,3,2,3,3,3
1,1,1,1,0,1,1,1,0,0,0,1,1,0,1,0,1,1,3,0,1,2,2,2
0,0,1,0,1,1,1,0,0,1,0,0,1,0,1,0,1,0,1,2,0,1,1,0
1,1,1,1,0,1,0,1,1,1,0,0,0,1,0,0,1,1,3,3,3,2,4,1
0,1,1,0,1,1,1,1,1,1,1,1,0,1,0,1,0,1,1,1,2,2,1,1
0,0,0,0,0,0,0,1,1,0,0,0,0,0,1,0,0,0,2,2,2,1,2,2
1,1,0,1,0,1,0,1,0,1,0,1,0,1,0,0,0,0,1,0,1,2,3,2
0,1,0,1,1,1,0,1,0,1,1,0,1,1,0,0,1,0,2,1,0,0,2,2
1,0,1,0,0,1,0,1,0,0,0,0,0,1,1,0,0,0,0,1,3,0,0,0
0,1,1,1,0,0,1,0,1,1,1,1,0,1,1,0,0,0,1,2,3,0,2,2
1,1,1,1,0,1,1,1,1,1,1,1,1,1,1,1,1,1,3,2,2,3,4,4
0,0,0,1,1,0,0,0,0,0,0,1,0,0,1,0,0,0,1,0,0,0,1,1
0,1,1,1,1,1,1,1,0,1,0,1,0,1,1,0,1,0,3,3,2,2,3,2
1,1,1,1,1,1,1,1,0,1,1,1,0,0,1,0,0,0,3,2,1,1,2,3
1,1,0,1,0,1,1,1,1,1,1,1,0,0,1,1,1,1,2,2,1,2,3,3
0,1,1,0,0,0,0,0,0,1,0,1,1,0,0,0,1,0,1,0,0,1,1,2
1,1,1,1,0,1,1,1,0,1,1,0,1,1,1,1,1,1,3,2,2,3,3,3
1,1,1,1,0,1,1,1,0,0,0,1,1,1,1,1,1,0,0,2,2,2,2,3
1,1,1,1,1,1,1,1,1,1,1,1,0,1,1,1,1,1,0,2,2,2,2,2
0,1,0,0,0,1,0,1,0,0,1,1,1,0,1,0,1,0,3,1,0,1,2,2
1,1,1,1,0,0,0,1,0,1,0,1,1,0,0,0,1,0,1,1,3,1,1,3
0,1,1,,0,1,1,1,1,0,0,1,1,0,0,0,0,0,3,0,2,2,1,2
1,1,1,1,1,1,1,1,0,1,1,0,1,1,1,1,1,1,2,2,3,2,3,3
0,0,1,0,1,1,1,0,1,0,0,0,1,1,1,0,0,1,1,1,0,2,2,3
1,1,0,1,0,1,1,1,0,1,1,0,0,0,0,1,0,1,2,3,2,2,3,2
0,0,0,1,1,1,1,1,0,0,0,1,0,0,1,0,0,0,2,2,2,0,1,1
0,0,0,1,0,0,0,0,0,0,0,0,0,0,0,0,0,0,2,0,0,1,0,1
0,1,0,1,0,0,0,1,0,1,0,0,0,0,1,1,0,1,0,1,2,0,1,0
1,0,1,1,0,1,0,1,0,1,0,1,1,1,1,0,0,0,0,1,0,1,0,0
1,1,1,1,0,0,0,1,0,0,0,1,1,1,1,0,0,0,1,2,1,1,2,2
1,0,1,1,1,1,1,1,0,0,0,1,1,1,1,0,1,1,1,3,3,3,1,4
0,0,1,0,0,0,0,1,0,0,0,0,1,0,0,0,0,1,2,3,1,2,0,2
1,1,1,1,1,1,1,1,1,1,1,1,1,1,1,1,1,1,3,2,2,3,4,4
0,1,0,1,1,1,1,1,0,0,0,1,1,1,1,1,1,1,3,1,1,1,2,2
0,0,1,1,0,1,1,0,0,1,1,0,1,0,0,0,0,0,1,1,2,0,1,1
1,0,0,1,0,1,0,1,1,0,1,0,1,1,1,0,1,0,1,2,2,0,3,2
1,1,1,0,0,0,1,0,1,1,0,1,0,0,0,0,0,1,2,1,3,3,1,1
1,1,1,1,1,1,1,1,0,1,0,1,0,1,1,1,1,1,0,3,3,3,3,4
1,0,1,1,0,1,0,0,0,0,0,1,1,0,1,0,1,1,2,1,0,1,3,2
0,0,1,0,0,0,0,1,0,1,0,0,1,1,0,0,0,0,0,1,2,0,0,2
0,0,0,0,0,1,0,1,1,1,0,0,1,1,0,0,0,0,0,0,2,1,1,1
1,0,0,0,1,1,0,1,0,1,0,1,0,0,1,0,0,0,0,1,1,1,2,1
0,0,1,0,0,0,0,0,0,0,0,0,1,0,0,0,0,0,1,0,0,0,0,1
1,1,1,,0,1,1,1,1,1,0,1,1,0,1,1,1,1,2,2,3,3,4,4
0,1,0,1,0,1,0,1,0,0,0,1,1,1,1,0,0,0,1,1,2,1,1,2
1,1,1,0,0,1,1,1,1,1,1,1,1,1,1,0,1,1,0,2,0,1,2,1
1,0,0,0,0,1,0,0,1,1,0,1,1,0,1,0,0,0,0,1,0,2,0,2
1,0,0,1,0,1,1,1,0,1,1,1,1,1,1,0,1,0,0,2,2,1,2,4
0,0,0,0,0,0,0,0,0,1,1,1,0,0,1,1,0,1,3,2,1,2,1,4
0,0,0,1,1,,0,1,0,1,0,1,0,1,1,1,0,0,3,1,1,2,3,1
0,1,0,0,0,1,0,1,0,1,0,1,1,0,1,1,0,1,2,2,0,1,1,2
1,0,0,1,0,1,1,0,0,0,0,1,0,0,1,0,0,0,0,1,2,0,1,2
1,0,1,1,1,1,1,1,1,1,1,1,0,1,0,0,1,0,1,3,3,1,1,2
0,0,1,1,0,0,0,1,0,1,0,0,0,1,1,0,1,0,0,3,3,1,2,2
0,0,1,0,0,0,0,1,0,1,1,0,0,0,1,0,0,0,2,1,1,1,2,2
0,0,0,1,0,1,0,1,0,0,1,1,1,0,1,0,0,0,0,3,3,2,1,3
1,0,1,1,0,1,1,1,0,1,0,0,1,1,1,1,1,1,2,3,2,3,3,3
0,0,1,1,0,1,0,1,1,0,1,1,1,0,0,1,1,1,2,2,1,1,1,2
1,1,1,1,0,1,1,1,1,1,0,1,0,0,1,0,1,1,0,2,1,2,2,1
0,0,1,1,0,1,1,1,0,1,0,1,0,1,0,0,0,1,0,2,1,1,1,1
1,1,1,1,0,1,1,1,1,1,1,1,1,0,1,1,0,1,3,3,2,3,4,4
1,1,1,1,1,1,1,1,1,0,1,1,1,0,1,1,1,1,3,3,2,3,3,2
1,0,1,0,0,0,1,0,0,0,0,0,0,0,1,0,0,0,2,1,1,0,0,0
1,0,0,0,0,1,0,0,0,1,0,0,0,1,1,0,1,0,0,1,0,0,1,0
0,0,0,0,0,1,0,1,0,0,0,1,1,0,0,0,0,0,0,0,2,0,0,0
0,1,0,1,0,0,0,1,1,1,0,1,1,1,0,0,1,0,2,2,1,1,1,2
1,1,1,1,0,1,0,1,1,1,1,1,1,0,1,0,0,1,2,2,0,1,1,3
0,0,1,1,0,0,1,1,0,1,0,1,0,0,1,1,1,0,2,2,0,1,1,1
1,0,0,1,1,1,0,1,0,1,1,1,1,1,0,1,0,0,0,1,2,0,1,1
1,0,0,1,1,1,1,1,0,1,0,1,1,,1,1,1,1,3,3,2,3,3,2
0,0,1,1,0,0,0,1,1,0,0,0,0,1,0,0,0,1,3,1,1,3,2,3
1,0,0,0,0,0,0,0,0,0,1,1,0,0,1,0,1,0,0,2,3,1,2,1
1,0,0,1,1,0,0,1,0,1,0,1,1,0,1,0,0,0,0,1,0,1,2,1
1,1,0,1,0,1,0,1,0,0,1,1,0,1,0,0,0,1,2,2,2,2,2,4
0,0,1,1,0,1,0,1,0,1,0,1,1,0,1,0,0,0,1,2,2,1,3,2
1,1,0,1,0,1,1,1,0,1,0,1,0,1,1,0,1,0,3,0,0,1,0,2
1,0,1,1,1,1,1,1,0,1,0,1,1,1,1,1,1,1,3,3,1,2,3,3
1,1,0,1,0,0,1,1,0,1,0,1,1,1,1,0,1,0,3,1,1,2,3,1
1,1,0,1,1,1,1,1,0,0,1,1,0,0,1,0,1,1,1,3,0,2,3,2
0,1,1,0,0,0,0,1,1,0,0,0,0,0,0,0,0,0,0,1,0,0,1,0
0,0,0,0,0,0,0,1,0,0,0,1,0,0,0,0,1,0,1,0,1,0,0,1
1,1,0,1,0,0,0,1,0,0,1,1,0,1,1,0,0,0,0,0,0,0,1,1
1,1,1,1,0,1,0,1,1,1,0,0,0,1,0,1,1,0,3,2,2,3,2,3
0,1,1,0,1,1,0,0,0,0,0,0,0,0,0,0,0,0,2,0,0,0,0,0
1,1,1,0,1,1,0,1,0,1,0,1,1,1,0,0,1,1,0,2,3,3,2,3
0,0,1,1,0,1,0,1,0,0,1,0,0,0,1,0,0,0,0,0,1,0,0,1
1,1,1,1,1,1,1,1,1,1,1,1,0,1,1,1,1,1,3,3,3,3,4,4
0,0,0,0,0,1,0,0,1,1,1,0,1,0,0,0,0,0,3,0,1,0,1,1
1,0,1,0,0,1,0,1,0,1,1,1,1,0,1,1,0,1,2,2,2,1,1,3
0,1,1,1,0,1,1,1,1,1,0,1,1,1,0,1,1,0,2,2,1,3,3,3
1,1,1,1,1,1,1,1,0,1,0,1,1,0,1,1,1,0,1,2,3,2,3,4
1,0,0,1,0,0,0,1,0,1,0,1,1,0,0,1,1,1,2,2,0,2,3,3
0,1,1,1,1,1,0,1,1,0,0,1,1,0,1,1,1,1,3,2,3,1,2,3
1,1,1,1,1,1,1,1,1,1,1,1,0,1,1,0,1,1,3,3,,2,3,2
0,0,1,0,0,1,1,1,0,1,1,1,0,0,0,0,0,1,1,1,1,3,2,2
0,0,0,1,0,0,0,0,0,0,0,0,0,0,1,0,1,0,1,2,0,0,1,0
1,1,0,1,0,1,1,1,1,0,1,1,1,0,0,0,0,1,0,2,2,1,2,2
1,1,1,1,0,1,0,1,0,1,0,1,0,1,1,1,1,1,2,3,2,3,3,3
0,1,0,1,0,1,0,1,0,1,0,0,0,0,0,1,0,1,3,2,2,1,2,3
0,1,1,1,1,1,1,1,0,0,0,1,0,1,0,0,0,0,1,2,3,1,1,2
0,0,1,0,0,1,0,1,1,1,0,1,0,0,0,0,0,0,0,0,0,0,0,0
0,0,0,0,1,0,0,0,1,0,0,1,0,0,1,0,1,0,0,0,0,0,0,1
1,1,1,1,0,1,0,1,0,0,1,1,0,1,1,0,0,1,0,2,0,1,1,2
1,0,0,1,0,0,0,1,0,1,1,1,0,1,0,0,1,1,0,2,0,2,1,2
1,1,0,0,0,1,0,0,0,1,1,1,0,1,1,0,0,0,1,1,2,1,1,2
0,0,1,1,0,1,0,0,0,1,0,1,0,0,0,0,0,1,1,2,1,0,3,2
0,0,0,1,0,0,0,1,0,0,1,1,0,0,0,0,0,1,0,0,2,1,1,0
0,0,1,0,0,1,0,1,0,0,0,1,1,0,0,0,0,0,1,1,0,0,1,1
1,0,0,0,0,1,0,1,0,0,1,0,1,1,1,1,0,1,2,0,3,3,3,3
1,0,0,0,1,1,1,0,0,1,0,1,1,0,1,0,0,0,2,1,0,1,0,1
1,0,1,1,0,1,0,1,0,1,0,0,1,0,0,0,0,0,1,2,1,1,1,1
1,0,0,1,0,1,1,1,0,1,1,0,0,1,0,1,1,1,3,3,2,2,3,2
1,1,0,1,0,1,0,1,1,1,1,0,0,0,1,0,1,1,2,0,0,1,1,3
0,1,0,1,1,1,0,1,1,1,0,0,0,1,0,1,1,1,0,1,2,1,2,4
0,1,1,0,0,1,0,1,1,1,0,0,0,1,1,0,0,0,3,2,1,3,1,3
0,1,0,0,0,0,1,1,0,0,0,1,0,1,0,0,0,0,1,1,2,0,0,1
1,0,1,1,1,1,0,1,1,1,0,1,0,0,0,0,0,0,3,1,3,0,2,3
1,1,1,1,0,1,1,1,1,1,0,1,0,0,1,1,0,1,3,2,1,3,2,4
0,1,1,0,1,1,1,0,0,0,0,1,0,1,0,0,0,0,3,0,1,0,1,2
0,0,0,1,0,1,1,1,0,0,1,0,0,0,0,0,0,1,2,1,1,0,1,1
1,0,0,0,0,1,1,1,0,1,0,0,0,1,0,1,0,0,1,1,0,1,2,2
1,0,1,1,0,1,1,1,0,1,0,0,0,0,1,1,0,1,2,2,3,2,2,2
1,1,1,1,0,1,0,1,1,1,0,0,1,1,1,0,0,0,2,3,2,2,2,4
1,1,1,1,0,1,1,1,1,0,1,1,1,0,0,1,1,1,2,1,2,2,3,3
0,0,1,0,0,0,0,1,0,1,1,0,0,0,0,0,0,0,0,1,0,0,0,1
0,0,1,0,1,0,1,1,1,1,1,1,1,1,0,1,0,1,2,3,2,2,3,2
1,0,0,0,0,1,1,1,0,0,1,0,0,0,0,0,0,0,0,2,2,0,2,1
0,0,0,0,0,1,0,1,0,1,0,1,0,0,1,0,0,0,2,1,0,1,0,1
1,1,1,1,0,0,0,1,1,1,0,1,1,1,1,1,0,0,3,3,3,2,2,3
1,1,1,1,1,1,1,1,0,1,0,1,1,0,1,1,1,1,2,3,3,,4,4
1,0,0,1,1,1,0,1,1,1,1,1,1,1,1,0,1,1,0,1,3,2,3,4
1,1,1,1,1,1,0,1,1,1,0,0,1,1,1,1,1,1,1,3,3,3,4,4
0,0,0,1,0,1,1,0,0,0,0,1,1,0,0,0,0,0,0,1,1,0,1,1
0,1,0,0,0,1,0,0,0,1,0,1,1,0,0,0,1,0,2,2,1,0,1,0
1,1,0,0,0,0,1,0,0,0,0,0,0,1,0,1,0,0,0,0,0,0,1,0
1,0,1,1,0,0,0,0,0,1,1,1,1,0,0,0,0,1,2,2,0,1,2,2
0,0,0,1,0,0,0,0,0,0,0,0,1,0,1,1,1,0,1,0,0,0,0,1
0,0,0,1,0,0,1,1,0,1,0,1,1,0,1,0,0,0,2,0,1,1,1,2
1,0,0,1,0,1,1,1,0,0,0,1,0,0,1,0,0,0,2,2,2,2,2,1
1,0,0,0,0,1,1,1,1,1,0,1,0,1,1,0,0,0,2,1,1,2,2,4
1,0,1,1,0,1,0,1,0,0,0,0,0,0,0,1,1,0,1,1,1,2,1,1
0,0,0,0,0,1,0,1,0,1,0,1,0,0,0,1,1,0,1,0,0,1,1,2
0,0,0,1,0,1,0,1,0,0,1,1,0,0,1,0,1,0,2,2,1,1,0,2
1,1,0,1,0,1,1,1,0,1,1,1,1,0,1,0,1,1,3,2,1,2,3,3
1,0,0,0,1,1,0,1,0,1,0,1,0,0,0,0,0,1,3,0,2,1,1,3
1,0,1,1,0,1,1,1,1,1,1,1,0,0,0,0,0,1,3,0,3,2,3,3
0,0,0,1,0,0,1,1,1,0,1,1,0,0,1,1,1,1,2,3,0,2,3,2
1,1,1,1,1,1,1,1,0,1,1,1,1,1,1,0,1,1,2,2,2,3,4,3
0,1,0,1,1,1,0,1,0,0,0,1,0,0,0,0,1,0,2,1,0,1,1,2
1,1,0,0,0,1,0,1,0,1,1,0,0,0,0,0,0,1,3,0,0,1,1,0
0,0,0,0,0,1,1,1,0,0,0,0,1,0,1,0,0,0,0,0,0,1,0,1
1,1,1,1,0,1,1,1,0,0,0,1,1,0,1,1,1,1,2,3,3,2,2,3
1,1,1,1,0,0,0,1,0,1,0,1,1,0,1,1,0,0,2,2,1,1,1,1
0,1,1,0,0,1,0,0,0,0,0,0,0,1,0,0,0,0,2,1,1,1,0,1
1,1,1,1,0,1,0,1,0,1,1,1,1,0,1,0,0,0,2,3,1,1,1,2
1,1,0,1,1,1,0,0,0,1,0,1,0,0,1,0,0,0,0,0,0,1,1,2
1,1,0,1,0,1,0,1,0,0,0,1,1,1,1,0,1,0,0,3,0,2,2,1
1,1,1,1,1,1,1,1,1,1,,1,1,1,1,1,1,1,1,3,3,3,3,4
0,1,0,1,0,1,0,1,0,1,0,1,1,0,0,1,1,1,1,3,0,1,3,3
1,1,1,1,1,1,1,1,1,0,1,0,0,0,1,0,1,1,0,0,3,2,3,2
0,1,0,0,1,0,0,0,1,0,0,0,0,1,0,0,0,0,1,0,1,0,1,0
0,1,0,0,0,1,0,1,1,0,1,1,0,0,0,0,0,0,1,1,0,0,1,2
0,0,0,1,1,1,0,1,1,1,1,1,0,0,0,0,0,0,0,1,1,1,2,0
1,0,0,0,0,0,0,0,1,1,0,0,0,0,1,0,0,0,0,1,0,1,1,0
0,0,0,1,1,1,0,0,0,0,0,0,0,0,0,0,0,0,0,1,2,0,1,1
1,1,1,1,0,1,1,1,0,1,0,1,1,1,1,1,1,1,3,1,3,2,4,4
1,0,0,0,0,0,1,1,0,0,0,1,1,1,0,0,0,0,2,1,0,2,3,2
0,1,0,1,0,1,1,1,0,1,0,1,0,1,1,1,1,1,0,2,0,1,2,1
0,1,1,1,1,1,1,1,1,1,1,1,1,0,0,1,1,1,3,2,0,3,4,3
1,1,1,1,1,1,1,1,0,1,1,1,1,1,1,1,0,1,1,2,0,3,3,2
0,1,0,0,1,1,0,0,0,1,0,0,0,0,0,1,1,0,3,0,0,1,0,0
0,1,0,0,0,0,0,1,1,0,1,1,1,1,1,0,1,0,0,0,0,1,0,0
1,1,0,0,1,0,0,1,1,1,0,0,1,0,0,0,0,0,0,0,0,0,0,0
1,1,0,1,1,1,0,1,1,0,0,0,1,1,1,1,1,1,1,2,1,2,1,3
0,0,0,1,0,0,0,0,0,1,0,1,0,0,0,0,0,0,0,0,0,0,0,0
1,0,0,1,0,0,1,1,0,0,0,1,0,0,1,1,1,1,1,1,2,1,2,2
1,0,0,0,0,1,0,1,1,1,0,1,0,1,0,0,0,0,0,1,0,0,0,1
1,1,1,0,0,1,1,1,1,1,0,1,1,1,0,1,0,1,3,3,3,1,3,4
0,1,1,0,0,0,0,1,0,0,0,0,0,0,1,0,1,0,2,1,0,2,3,1
0,0,1,1,0,1,0,0,0,1,0,1,1,0,1,1,0,0,1,3,0,1,1,0
1,1,1,1,0,1,1,1,1,1,0,1,1,1,1,1,1,1,3,3,1,2,4,4
1,1,0,1,1,1,1,0,1,0,0,1,1,0,1,1,0,0,2,3,1,3,3,2
1,0,1,1,0,1,1,1,0,0,0,1,1,1,1,1,1,1,2,3,0,2,2,3
1,1,0,1,0,0,0,1,1,1,0,0,0,1,0,0,1,1,2,3,2,1,1,3
0,1,0,0,1,1,1,1,0,1,1,1,0,0,0,0,1,1,3,2,1,2,2,2
0,0,0,1,0,0,0,1,1,0,0,0,0,1,1,1,0,0,0,0,2,1,0,1
1,0,1,0,0,0,1,1,0,1,1,1,1,1,1,1,1,1,1,1,2,2,3,2
1,0,0,1,0,,0,1,0,1,0,0,1,0,0,0,1,0,3,1,2,2,1,2
1,0,1,1,0,0,1,1,1,1,0,1,1,1,1,0,1,1,1,3,3,3,3,3
1,0,1,0,0,1,1,1,0,1,1,1,0,0,1,0,0,0,1,0,2,1,2,3
1,0,1,1,1,0,1,1,0,1,1,1,1,0,1,0,1,1,2,3,2,3,3,3
1,0,1,1,1,1,1,1,1,1,0,1,1,1,1,1,0,0,1,2,3,3,1,2
1,0,0,1,,0,1,1,0,0,1,1,1,1,1,0,0,1,2,1,2,3,3,3
1,1,0,0,0,1,1,1,0,0,0,0,0,0,1,0,0,0,0,0,0,0,0,1
1,0,0,0,0,1,0,1,0,0,0,1,1,0,0,0,1,0,0,0,0,1,1,1
0,1,0,1,0,0,0,1,0,0,0,0,1,1,0,1,0,0,3,1,2,2,1,1
0,1,0,0,1,1,0,1,0,1,0,0,0,1,0,0,0,0,2,1,0,2,0,2
0,0,0,0,0,1,1,1,0,1,0,0,1,0,1,0,0,0,2,1,2,1,1,1
0,0,0,1,0,1,0,0,0,0,0,0,0,0,0,0,1,0,1,1,2,0,2,1
1,0,0,1,0,1,0,0,0,1,0,1,0,0,1,1,0,1,2,2,0,1,2,2
0,0,0,0,0,1,0,0,0,0,0,0,1,0,0,0,0,0,1,0,0,0,0,1
1,0,0,1,0,1,1,1,0,0,0,0,0,1,1,1,0,0,2,0,0,0,1,2
1,1,1,1,1,1,1,1,1,1,1,1,0,0,0,0,0,1,3,1,3,3,2,4
1,1,1,1,1,1,1,1,1,1,0,1,1,1,1,1,1,1,3,2,2,3,4,3
1,0,0,0,1,0,0,1,0,1,0,0,1,0,0,0,1,1,2,0,0,1,0,1
0,0,0,0,0,1,0,0,1,0,1,1,1,1,1,0,0,1,0,1,1,1,1,1
0,0,0,0,1,0,0,1,0,0,0,0,1,0,0,1,0,0,0,1,3,0,1,2
0,0,0,0,0,1,0,0,1,1,0,0,1,0,0,1,0,0,1,1,1,2,3,1
0,1,1,0,0,1,0,1,1,1,1,0,0,0,0,1,0,1,3,2,2,0,2,2
1,0,1,0,0,0,1,0,0,0,0,1,0,0,0,0,0,1,0,0,0,0,1,0
1,1,1,1,0,1,0,1,1,1,1,1,1,1,0,0,1,1,1,3,3,2,2,4
1,0,1,0,0,0,0,1,0,0,0,1,1,0,1,0,1,0,1,2,1,1,0,1
1,1,1,1,1,1,0,1,1,0,0,1,1,1,0,0,1,1,1,2,2,2,2,2
1,1,0,1,0,1,0,1,0,1,1,1,0,1,1,0,1,1,0,1,3,3,2,1
1,0,1,1,0,0,0,1,0,0,0,1,0,1,1,0,1,1,2,0,0,2,1,2
0,1,0,0,0,0,0,1,0,1,0,0,0,0,0,0,0,0,0,1,0,0,0,2
0,0,0,0,1,1,0,0,0,0,0,1,0,0,1,0,0,0,1,0,0,0,0,0
1,0,0,0,0,1,0,1,0,,1,1,0,0,0,1,0,0,2,1,0,1,1,2
1,1,1,1,1,1,1,1,1,1,1,1,0,1,1,0,1,1,3,3,2,3,3,4
1,0,0,1,0,1,0,1,0,0,0,1,0,0,1,0,0,0,2,0,2,2,2,2
0,0,0,1,0,1,0,0,0,1,1,0,0,0,1,0,0,0,0,0,0,0,1,0
1,0,1,1,0,1,0,1,1,1,1,1,1,0,1,1,1,1,3,3,3,2,2,2
1,1,1,1,0,1,1,1,0,1,0,0,1,1,1,0,0,1,2,3,1,2,2,3
1,0,0,1,1,1,0,1,,1,1,1,1,1,1,1,0,0,3,3,3,3,3,3
0,0,0,0,0,0,0,0,1,0,0,0,0,0,1,0,0,1,1,1,2,1,0,0
0,0,0,1,0,1,0,1,1,1,0,1,1,0,1,0,1,1,1,3,1,3,2,2
0,0,1,0,0,1,1,0,0,0,0,1,1,0,0,0,0,0,3,0,0,0,2,0
1,1,1,1,1,1,1,1,0,1,1,1,1,1,1,1,0,0,3,3,3,2,2,3
0,0,0,0,0,0,0,0,0,0,0,1,0,1,1,1,1,0,2,2,0,1,1,1
0,1,1,0,1,1,1,1,1,0,1,1,0,1,0,0,0,1,1,3,0,2,0,1
1,0,1,1,0,1,0,1,0,1,1,0,0,0,1,0,1,0,0,1,0,1,3,1
1,0,0,1,0,1,0,1,1,1,0,0,1,1,1,1,1,0,0,3,2,1,3,3
1,1,0,1,1,0,1,1,0,0,0,0,0,0,1,0,0,1,2,0,1,1,1,0
1,1,1,0,0,0,0,0,0,0,1,0,0,0,0,0,0,0,0,0,2,0,0,0
1,1,1,1,0,1,0,1,0,1,1,1,0,0,0,0,1,0,0,2,3,1,2,2
0,1,0,0,0,1,0,0,0,0,0,0,0,0,0,1,0,0,0,0,0,2,2,1
1,1,0,0,0,1,0,0,0,1,0,0,0,0,0,1,0,0,0,0,1,1,1,1
1,1,1,1,0,1,1,1,0,1,1,0,1,0,1,0,1,0,2,3,1,2,3,1
0,0,0,0,0,1,1,1,0,1,0,1,1,0,1,0,0,0,0,0,3,1,0,1
0,1,1,1,0,1,0,1,0,1,0,1,0,0,0,0,1,0,0,2,2,1,1,1
0,1,0,0,1,1,0,1,0,1,0,1,1,1,1,1,0,0,0,0,1,1,1,1
1,1,0,0,0,1,0,1,0,1,0,0,1,0,0,0,0,0,1,3,3,1,1,2
1,1,0,1,0,1,1,1,0,1,0,1,1,0,1,1,1,1,3,1,2,2,2,3
0,0,0,0,0,1,0,1,1,1,0,1,0,0,0,0,1,1,2,2,1,1,2,2
1,0,0,1,0,1,0,1,0,0,1,1,0,0,0,0,0,0,1,1,3,1,1,1
0,0,0,0,0,1,0,1,0,1,0,1,0,0,1,1,0,0,1,0,0,2,2,3
1,0,1,1,0,1,1,1,0,0,1,1,0,0,0,1,0,0,3,2,1,2,0,1
0,0,0,0,0,0,0,0,0,1,0,1,1,0,1,0,0,0,2,3,0,1,1,1
1,1,0,1,0,0,0,1,1,0,0,0,0,1,1,0,0,0,3,0,0,1,1,2
0,1,1,1,0,0,,1,1,1,0,1,1,1,1,0,0,0,1,1,1,1,2,1
0,1,0,1,1,0,1,0,0,1,0,0,0,0,1,1,0,1,0,2,1,1,0,2
0,1,0,1,1,1,1,1,0,0,0,0,0,0,0,0,0,0,1,2,1,2,1,1
1,1,1,1,1,1,1,1,1,1,0,1,1,1,0,0,1,1,1,2,2,2,3,4
1,0,0,0,0,1,0,1,0,0,1,1,1,0,1,0,0,0,0,0,1,2,2,1
1,1,0,1,0,1,1,1,0,1,1,1,1,0,0,0,0,0,3,1,1,1,3,1
0,1,1,1,0,1,1,1,1,1,0,1,1,0,1,0,0,1,2,2,2,3,3,3
0,0,0,1,0,0,0,1,0,1,0,1,0,0,0,1,0,1,2,2,3,2,1,2
1,1,0,1,0,0,1,1,0,1,1,1,1,1,1,1,1,1,2,3,2,2,1,2
0,1,0,0,0,1,0,1,0,0,1,0,0,0,1,0,1,0,3,0,2,2,1,2
1,1,1,1,0,1,1,1,0,1,0,1,1,1,0,1,1,1,3,3,3,2,2,3
0,0,0,0,0,1,0,1,1,1,0,1,0,0,0,0,1,0,1,0,1,0,0,1
1,1,0,1,0,1,1,1,1,1,1,1,1,1,1,1,1,1,3,3,2,3,3,4
0,1,0,1,0,1,0,1,0,1,1,1,0,1,1,0,1,0,1,2,0,2,3,3
1,1,0,1,1,0,1,0,0,0,0,1,0,0,0,0,0,0,3,2,0,1,0,2
0,0,0,1,0,0,0,0,0,0,0,0,0,0,1,0,0,0,2,0,3,1,1,1
1,0,1,1,0,1,1,1,1,0,0,1,1,0,0,1,1,1,0,3,3,3,3,3
0,0,1,1,0,1,1,1,1,1,0,1,1,0,1,0,1,0,1,1,2,1,1,2
0,0,1,0,0,0,0,0,0,0,0,1,1,1,0,0,0,1,0,1,0,1,1,2
0,0,0,0,0,0,0,1,0,0,0,1,1,0,1,1,0,0,2,2,1,1,2,1
0,0,1,0,1,1,0,0,0,0,0,0,1,1,1,0,1,0,3,0,3,1,2,2
1,1,1,1,0,1,1,1,0,1,1,1,0,1,1,0,1,1,0,2,2,1,4,3
1,1,0,0,1,0,0,0,0,0,0,0,0,0,1,0,0,0,1,0,0,1,2,3
0,0,1,0,0,1,0,1,0,1,0,1,1,0,1,1,0,0,3,1,1,2,2,2
0,0,0,0,0,0,1,1,1,0,0,1,1,0,1,0,1,0,1,0,2,2,2,0
1,1,0,1,0,1,1,1,1,0,0,0,1,1,1,0,0,1,2,2,0,3,4,2
0,1,0,0,0,0,0,1,0,1,0,0,0,0,0,0,1,0,2,3,3,0,1,1
1,1,1,1,0,1,1,1,0,0,0,1,0,1,0,0,1,1,2,2,2,2,2,3
0,1,1,0,0,1,0,1,0,0,0,1,0,0,0,0,0,0,2,1,1,1,1,1
1,1,0,1,1,0,1,1,0,0,0,1,1,0,0,0,0,0,3,0,0,0,1,1
0,0,0,0,1,0,0,0,1,0,0,0,0,0,1,1,0,0,1,1,2,1,3,2
1,1,1,1,1,1,1,1,0,1,1,1,1,1,1,0,1,1,0,3,1,2,3,4
1,1,1,1,0,1,1,1,0,1,1,1,0,1,1,1,0,0,3,1,2,2,3,3
0,1,0,,0,1,0,0,0,1,0,1,0,0,0,0,0,0,1,0,0,1,1,1
1,1,0,0,1,1,0,1,0,1,0,1,0,1,0,0,1,0,3,3,2,3,3,2
0,0,1,1,1,0,0,0,0,0,0,1,0,1,1,0,0,0,0,2,1,1,0,0
1,1,1,0,1,0,1,1,1,1,1,1,1,1,1,0,1,1,2,3,3,1,3,4
1,1,1,0,0,1,0,1,1,1,0,1,0,0,1,0,1,0,2,1,1,1,2,2
0,0,1,0,0,0,0,1,0,0,1,1,0,0,0,0,0,0,1,0,1,1,0,1
0,1,0,1,0,1,0,1,0,1,0,1,0,0,1,1,0,1,2,1,2,2,3,2
1,0,0,1,0,0,1,1,0,0,0,1,0,1,1,1,1,1,3,3,2,2,3,3
1,0,1,0,0,1,0,1,0,0,1,1,0,1,0,1,1,1,0,2,1,2,0,2
1,1,0,0,0,1,0,0,0,1,0,0,1,0,0,0,0,0,0,0,1,0,1,0
0,0,0,1,0,0,1,1,0,1,0,1,0,1,0,0,0,0,1,1,1,0,1,2
1,1,1,1,0,1,1,1,1,1,1,1,1,0,1,0,0,1,0,3,3,2,2,3
0,0,1,1,0,1,1,0,0,1,1,1,0,0,1,0,1,0,1,1,2,1,1,2
0,1,0,1,0,0,1,1,0,1,0,0,1,0,0,0,1,0,2,1,1,1,0,2
0,1,1,0,1,0,0,0,1,1,0,0,0,0,1,0,0,0,2,0,0,0,1,1
0,0,1,1,0,1,0,1,0,1,1,0,0,1,1,0,0,0,2,1,0,2,2,2
1,0,0,0,0,0,1,0,0,0,0,0,0,0,0,0,0,0,1,0,0,0,0,0
0,0,0,1,0,1,0,1,1,1,0,1,1,0,1,0,0,1,2,1,2,1,3,2
1,1,0,1,0,1,1,0,1,0,0,1,0,1,0,1,1,1,2,3,0,2,2,4
1,0,0,0,0,1,0,0,1,1,0,1,0,1,0,0,1,0,0,3,0,1,0,2
1,0,0,1,0,1,0,1,1,1,1,1,1,1,0,1,0,1,1,2,1,2,3,3
1,0,1,1,0,1,0,1,0,0,1,1,0,0,0,0,1,1,1,1,2,1,2,3
0,0,0,0,0,0,0,0,1,0,1,1,0,0,1,0,0,0,3,1,0,1,2,2
1,1,0,0,1,0,0,1,0,0,0,1,1,1,1,1,1,1,2,1,2,2,2,1
0,1,0,0,0,1,0,0,0,0,0,0,1,0,0,1,0,0,0,0,1,1,1,1
1,0,0,1,0,1,0,0,0,1,0,0,0,0,1,1,0,1,1,1,1,2,1,2
1,1,1,1,1,1,0,1,1,1,1,1,1,1,1,1,1,1,3,2,1,3,4,4
0,1,0,1,0,0,0,0,0,0,0,0,0,1,0,0,0,0,1,0,0,0,1,1
0,1,1,1,1,1,1,0,0,1,1,1,0,0,1,0,1,1,1,2,2,2,3,3
1,0,0,1,0,1,1,1,1,0,1,1,1,1,1,1,0,1,3,3,2,3,3,4
0,0,1,1,0,1,0,1,1,1,1,0,0,1,1,0,1,0,2,2,0,1,2,3
1,0,0,0,0,1,0,1,0,0,0,0,0,0,0,0,1,0,0,2,0,1,1,1
1,0,0,0,0,1,0,1,0,1,0,1,1,0,0,1,0,0,3,0,1,1,0,2
1,0,0,1,0,0,1,1,1,1,0,1,1,0,1,1,0,0,2,2,1,2,2,2
1,1,1,1,0,1,0,1,1,1,0,,1,0,1,1,0,0,1,1,1,2,2,1
1,1,1,1,0,1,1,1,1,1,1,1,1,1,1,0,1,1,1,2,3,3,1,3
0,0,0,1,0,1,0,1,1,1,0,1,0,0,1,0,1,0,1,3,0,0,3,4
1,1,1,1,1,1,1,1,1,1,1,1,1,1,1,1,1,1,3,3,3,3,3,4
1,0,0,1,1,1,0,1,1,0,1,1,,1,1,0,1,1,3,1,3,2,1,3
1,1,0,0,0,1,0,1,0,1,1,1,0,1,1,1,0,0,2,2,1,2,1,2
1,1,1,1,0,1,1,1,1,1,0,1,1,1,1,0,1,1,3,2,0,3,2,3
1,1,1,1,0,1,1,1,1,0,1,1,0,1,1,0,1,1,1,3,3,2,3,3
1,1,1,0,0,1,0,0,0,0,0,0,0,1,1,0,0,0,0,2,2,2,0,2
0,0,0,0,0,0,0,1,0,0,1,0,0,0,0,0,0,0,0,0,0,1,0,0
1,0,0,0,0,0,0,0,0,0,1,0,0,0,0,0,0,0,2,0,2,0,0,1
0,1,1,1,0,1,1,1,1,0,0,1,0,0,1,1,0,1,2,2,3,1,2,3
0,1,0,1,0,0,1,1,0,0,0,0,1,1,0,0,0,0,1,0,1,0,2,0
1,1,1,0,1,1,0,1,0,0,0,1,1,1,0,1,0,1,3,1,1,1,3,1
1,0,1,1,1,1,1,1,1,1,0,1,0,0,1,1,1,1,2,1,0,1,1,3
0,1,0,1,0,1,0,0,1,0,0,1,1,0,1,0,0,0,0,0,2,0,1,1
0,0,0,0,0,1,0,1,0,0,0,1,0,0,1,0,0,0,0,0,2,1,0,1
1,1,1,1,1,0,1,1,1,1,0,1,1,1,1,1,1,1,3,3,3,3,3,3
1,1,0,1,0,1,1,1,1,1,0,1,0,0,1,1,0,0,1,1,0,1,1,2
1,1,0,1,0,1,1,1,0,1,0,1,1,1,1,0,1,1,1,3,2,3,3,3
1,0,0,1,0,1,0,1,0,1,0,1,0,1,0,0,1,0,2,0,2,2,2,1
1,1,0,0,0,0,0,1,1,0,0,1,0,0,0,0,0,0,1,0,1,0,0,3
1,1,1,1,0,1,1,1,0,1,0,0,0,1,1,1,1,0,3,1,2,3,3,3
0,1,0,0,0,1,0,0,0,0,1,1,0,0,0,0,0,0,0,0,0,0,0,0
0,0,0,0,0,1,0,0,0,0,0,1,0,0,1,0,0,0,0,2,0,1,1,1
0,0,0,0,0,1,0,1,0,0,0,1,1,0,1,0,0,0,0,1,1,1,1,2
0,0,0,1,0,1,1,0,0,0,0,1,0,0,0,0,0,0,1,1,1,0,2,2
0,0,0,1,0,1,0,1,1,1,0,1,0,1,1,0,0,1,2,1,3,1,2,3
1,0,0,0,0,1,0,0,0,1,0,0,0,0,1,0,0,0,0,0,1,1,2,1
0,0,1,1,0,0,0,,0,0,0,1,1,1,1,0,0,0,0,1,2,1,2,2
0,0,0,0,0,1,0,0,0,1,0,1,1,0,0,0,1,0,0,0,0,0,0,0
1,1,0,1,0,0,0,0,0,1,0,1,0,0,1,0,0,0,3,1,0,1,0,1
1,1,1,1,0,1,0,1,0,0,0,1,1,0,1,1,1,1,3,1,2,3,4,3
1,1,1,1,0,1,1,1,0,1,0,1,1,1,1,0,1,1,3,3,2,3,3,3
1,1,0,0,0,0,0,1,1,0,0,0,0,0,1,0,0,0,1,0,0,1,1,1
0,0,1,1,0,1,0,1,1,1,0,1,1,1,0,1,0,0,3,0,1,0,1,2
0,0,0,0,0,1,0,1,0,1,0,1,0,0,1,1,1,0,0,1,1,1,1,2
0,0,0,0,0,1,1,0,0,0,1,1,0,,0,0,0,0,0,0,0,1,2,2
0,0,0,0,0,0,1,0,1,0,0,0,0,0,0,0,0,0,3,2,0,0,1,2
1,1,1,1,1,1,1,1,1,1,1,1,1,1,1,0,1,0,2,2,3,3,4,4
0,0,0,1,1,0,1,1,0,1,1,0,1,1,1,1,1,0,1,1,3,2,3,2
1,1,0,1,0,1,0,1,0,1,0,0,1,0,0,0,0,0,0,3,0,1,1,0
1,1,1,0,0,1,0,1,0,0,0,1,0,0,0,0,0,0,1,0,0,2,1,2
0,0,0,0,0,1,1,0,0,0,1,1,0,0,0,0,0,0,1,0,0,0,2,1
1,1,1,1,0,1,1,1,0,1,1,1,1,0,1,1,1,1,3,3,2,3,4,3
1,0,1,1,0,1,0,1,0,1,1,0,1,1,1,0,0,1,0,2,2,2,3,3
1,0,1,0,1,0,0,0,0,0,0,1,1,0,0,1,0,0,1,0,0,1,2,1
1,1,0,0,0,1,0,0,0,0,0,1,0,0,0,0,1,1,3,2,0,0,1,2
0,0,0,1,0,1,0,1,0,0,0,1,0,1,1,0,0,0,0,1,1,2,1,1
1,0,0,1,0,1,0,0,0,0,0,1,0,0,1,0,1,1,3,1,1,2,1,2
1,0,1,1,1,1,1,1,1,1,0,1,1,1,1,1,1,1,3,2,3,3,2,4
1,0,0,0,0,0,1,1,1,1,0,1,1,1,1,1,1,1,3,2,2,2,3,3
1,1,1,0,0,1,0,1,1,1,0,1,0,0,1,1,0,1,2,2,3,0,1,4
0,0,1,1,0,1,0,1,0,,0,0,0,1,1,0,1,0,1,0,0,2,2,2
1,0,1,1,0,1,0,1,0,1,1,1,1,1,0,0,1,0,2,3,0,2,3,4
1,0,0,1,0,1,1,1,1,1,1,1,1,1,1,1,0,0,3,1,0,2,3,2
1,0,1,1,0,1,0,1,1,0,1,1,0,0,1,0,0,0,0,2,2,2,3,3
1,1,1,1,0,1,0,1,0,0,1,1,0,0,0,0,1,0,3,1,0,1,2,2
0,0,0,1,0,0,0,0,0,0,0,0,0,0,0,0,1,1,1,0,1,0,2,1
1,0,1,1,0,1,1,1,1,1,1,1,1,0,0,0,0,0,3,2,0,2,2,3
1,1,1,1,1,1,1,1,1,1,1,0,1,1,1,1,1,1,3,1,2,3,3,4
1,1,0,1,0,1,0,1,1,0,1,1,1,1,1,0,0,1,1,2,1,2,2,3
0,1,0,1,0,1,1,1,1,1,0,1,1,1,1,1,0,1,3,2,0,2,3,2
0,1,0,0,0,1,0,1,0,1,0,0,0,0,0,0,1,0,0,0,0,1,0,1
1,0,0,1,0,1,1,1,0,1,0,1,0,0,1,1,0,1,2,2,0,0,2,2
0,0,1,0,0,0,1,0,0,0,1,0,1,0,0,1,1,0,0,1,,1,1,0
0,0,0,0,0,1,0,1,0,0,0,1,0,1,0,0,0,0,0,2,0,2,2,2
1,0,1,1,0,0,0,1,0,1,0,1,1,0,0,0,1,1,2,2,2,1,1,0
1,1,1,1,0,1,1,1,0,1,1,1,0,1,1,0,1,0,3,3,2,3,3,3
1,0,0,1,0,1,1,1,1,1,0,0,1,1,1,1,0,1,3,3,3,2,3,3
1,0,1,0,0,1,0,1,1,1,1,1,0,1,0,1,1,0,3,2,3,2,2,2
1,0,0,0,1,1,0,0,0,0,0,1,0,1,0,0,0,0,3,1,1,0,0,2
0,0,0,0,0,0,0,0,0,0,0,0,0,1,0,0,0,0,0,0,0,0,1,0
1,1,0,1,0,1,1,1,1,1,1,0,1,1,1,1,1,1,2,2,3,3,3,4
1,0,0,1,0,1,1,1,0,0,1,1,0,0,1,0,0,0,1,2,2,2,2,3
1,0,1,1,0,1,0,1,0,1,0,1,0,1,1,1,1,1,2,2,0,3,3,3
0,0,1,1,0,1,1,0,1,0,1,1,1,1,0,0,1,0,1,1,3,1,1,1
0,0,0,0,1,1,1,1,1,0,0,0,0,1,1,0,0,0,0,1,0,1,1,1
1,0,1,1,0,1,1,1,1,1,0,0,1,0,0,1,1,1,2,3,1,2,2,2
0,1,0,0,1,1,0,0,0,0,1,0,0,0,0,0,0,0,0,0,0,1,1,0
1,1,1,0,0,1,1,1,1,1,0,1,0,1,1,0,0,1,2,2,1,1,1,2
0,1,0,1,1,1,0,1,1,1,0,1,1,1,1,1,1,1,1,2,2,3,1,4
1,0,1,1,1,1,1,1,1,0,1,1,0,1,1,0,0,1,2,2,2,2,2,3
1,0,0,0,0,1,0,1,1,1,0,0,0,1,0,0,0,0,0,3,1,0,,2
0,1,0,1,0,0,1,0,0,0,0,0,0,0,1,0,1,0,1,1,1,0,1,0
0,0,1,0,0,1,1,1,0,1,1,0,0,0,1,0,0,0,0,1,0,1,0,1
0,1,1,0,0,1,1,0,1,1,1,1,1,0,,0,1,1,3,1,0,1,3,2
0,1,0,0,0,0,0,0,0,1,0,1,1,1,1,0,0,0,1,1,0,2,2,1
1,1,0,1,0,1,0,1,1,0,1,1,1,1,0,1,1,1,3,1,2,1,2,4
0,0,1,0,0,0,0,1,0,0,0,0,0,1,1,0,1,1,2,2,3,0,1,2
1,1,0,1,0,1,1,1,1,1,0,1,0,1,1,1,0,1,3,1,3,1,1,3
1,1,1,0,0,1,0,1,1,1,1,1,1,1,1,0,1,0,2,2,2,2,0,3
0,1,1,0,0,0,0,1,0,0,0,0,0,0,0,0,1,0,0,0,1,0,,1
1,1,0,0,0,1,0,1,0,0,0,1,0,1,1,1,1,1,3,1,1,2,2,1
1,0,1,1,0,1,0,1,1,1,0,1,0,0,1,1,1,0,2,2,2,2,1,3
1,0,0,0,0,1,1,1,0,0,0,0,0,0,0,0,0,0,0,2,2,0,1,1
1,0,1,1,0,1,1,1,0,1,0,1,0,0,1,1,1,1,3,1,3,1,2,3
1,0,0,0,1,1,0,1,0,1,0,0,0,0,1,0,0,0,2,1,3,2,2,2
0,1,1,0,0,1,0,1,1,1,0,1,1,0,1,0,0,1,1,0,1,1,1,1
0,1,0,0,0,1,0,1,1,1,1,1,0,0,0,0,0,0,3,1,2,1,2,2
1,0,0,1,0,1,0,1,0,0,1,1,0,,1,0,1,0,0,2,3,1,3,3
0,0,1,1,0,1,0,1,0,1,0,0,0,0,0,0,0,0,1,1,1,1,2,1
1,1,1,1,1,1,1,1,0,1,1,1,0,1,1,0,1,1,3,2,3,3,4,2
1,1,1,1,1,1,1,1,1,1,1,1,0,1,0,1,1,1,2,2,3,2,3,3
1,1,1,0,0,1,1,1,1,1,1,1,1,1,1,1,1,1,3,3,1,2,3,2
1,0,0,0,0,1,0,0,0,1,1,1,0,0,1,1,0,1,3,3,,1,2,2
1,1,1,1,0,1,1,1,1,1,0,1,1,1,1,1,1,1,3,2,3,3,2,2
0,1,1,1,0,1,0,1,0,0,0,1,0,1,0,1,1,1,1,3,0,0,1,3
0,0,0,1,0,0,0,0,0,0,0,0,0,1,1,0,0,0,1,0,0,0,0,1
1,0,0,0,0,0,0,1,0,1,0,1,1,1,1,0,0,1,3,1,0,1,2,2
1,1,0,1,1,1,0,1,0,1,0,1,1,1,1,0,1,1,2,1,3,2,2,2
0,0,0,1,0,1,0,1,1,1,1,0,0,1,1,0,0,0,1,0,1,1,1,1
1,1,1,0,1,1,1,1,0,0,0,1,0,1,1,1,1,1,3,1,2,2,2,4
1,0,1,1,0,1,1,1,1,1,1,1,0,1,1,1,0,1,3,1,1,2,3,3
1,1,1,1,0,1,1,1,1,1,0,1,0,0,1,1,1,0,2,0,2,2,2,2
0,1,1,1,0,1,1,1,1,1,1,0,1,1,1,1,1,1,2,3,2,3,2,2
1,0,0,1,0,0,0,1,0,0,0,1,1,1,1,0,0,1,2,2,1,0,1,1
1,1,1,0,1,1,1,1,0,0,0,1,0,1,1,0,0,1,2,0,1,2,2,3
0,1,1,1,0,0,0,1,1,1,1,1,1,1,1,1,0,1,2,2,2,1,4,3
1,1,0,0,0,1,0,1,0,1,0,1,0,1,0,0,1,0,2,1,0,1,1,1
0,0,0,0,0,0,1,0,1,1,0,0,0,0,0,0,0,0,0,0,1,1,1,1
1,0,1,1,0,1,1,1,0,1,0,1,0,1,1,0,1,1,2,2,0,2,2,3
0,0,1,0,0,1,0,0,0,0,0,0,0,0,0,0,0,0,,1,1,0,0,0
0,0,1,1,0,0,0,1,1,0,0,1,1,1,1,0,0,0,1,3,3,1,1,1
1,1,1,1,1,1,1,1,1,1,1,1,1,1,1,0,0,1,2,1,2,2,4,4
1,0,0,1,1,1,0,1,0,1,1,0,1,0,1,0,1,0,2,1,1,2,2,1
0,1,0,0,0,1,0,1,1,1,0,1,0,0,1,1,,0,0,1,1,1,2,2
1,0,0,0,1,1,1,1,0,1,1,1,1,0,0,1,1,1,3,2,2,2,3,3
1,0,0,0,1,1,0,1,0,0,0,1,0,0,1,0,1,1,3,1,0,1,2,2
1,0,1,1,0,1,0,1,1,1,0,1,1,0,0,0,1,0,2,2,0,1,1,2
0,0,0,0,0,0,0,0,0,0,0,1,1,0,1,0,0,0,1,1,2,0,2,2
0,1,0,1,0,1,0,1,0,0,1,0,0,0,0,0,0,1,1,1,1,0,0,1
1,0,1,1,0,1,1,0,0,0,0,1,0,0,0,0,1,0,2,1,1,0,1,2
0,1,0,1,1,0,1,1,0,1,0,1,1,0,1,0,1,0,2,1,0,1,1,2
0,0,0,0,0,1,0,1,0,1,0,1,1,1,1,0,1,0,2,0,1,1,1,1
1,0,1,0,0,0,0,1,1,0,0,1,0,,0,0,1,0,1,2,1,2,0,1
1,1,0,1,1,1,0,1,0,1,1,1,1,1,0,0,1,1,2,2,0,1,2,4
0,1,1,1,0,1,1,1,0,0,0,1,1,1,1,1,1,1,2,1,2,0,3,3
0,1,0,0,0,1,0,1,0,0,0,0,1,0,0,1,1,1,0,2,3,1,2,2
1,1,1,1,1,1,1,1,1,1,1,1,1,1,1,0,0,1,2,2,2,3,1,3
0,0,0,1,0,1,1,1,0,1,0,1,0,0,1,1,0,0,2,2,1,1,0,3
1,1,1,1,1,1,1,1,1,1,1,1,1,1,0,0,1,1,1,2,2,2,2,2
0,1,1,0,0,1,0,1,0,0,0,0,0,0,0,0,0,1,0,1,1,0,0,0
1,1,1,1,0,1,1,1,1,1,0,0,1,1,1,1,0,1,1,3,3,2,3,4
1,1,1,1,0,0,0,0,0,1,0,1,0,1,1,0,0,0,0,1,0,1,1,1
0,1,0,1,0,0,0,0,0,0,0,1,1,1,1,1,0,0,1,2,1,2,0,1
0,0,0,0,0,0,0,0,0,0,1,1,1,1,0,0,0,0,0,0,0,0,0,1
0,1,1,1,0,1,1,1,0,1,0,1,0,0,1,1,1,1,3,1,2,1,4,3
0,0,1,0,0,1,1,1,0,0,0,0,0,0,0,0,1,0,3,0,0,2,1,2
1,0,1,1,0,1,1,1,0,0,0,1,1,0,0,1,0,0,1,1,1,1,2,2
1,0,0,0,1,0,0,1,0,0,1,1,1,0,0,1,0,0,2,1,1,1,1,1
1,1,1,1,1,1,1,1,1,1,0,1,0,1,1,1,1,1,3,3,3,3,4,3
1,1,0,1,1,0,1,1,1,1,0,0,1,0,1,0,0,1,3,3,2,3,1,4
0,0,0,1,0,0,0,1,0,1,1,1,1,1,0,1,1,0,1,1,0,2,0,1
1,0,0,1,0,1,1,1,0,1,1,1,1,1,1,1,1,1,3,2,2,2,4,4
1,1,0,1,0,1,0,1,,0,0,1,0,0,1,1,0,1,0,2,2,1,2,3
1,0,1,0,1,1,0,1,0,1,0,1,1,1,1,0,1,1,3,0,1,1,2,1
0,0,0,0,1,0,1,0,1,0,1,0,0,1,1,1,0,0,0,2,0,1,1,1
1,0,0,1,1,1,1,0,0,1,1,1,1,1,1,0,1,0,1,2,0,0,2,2
0,0,1,1,0,1,0,1,0,1,1,1,0,0,1,0,0,0,2,1,2,2,1,2
1,0,0,1,1,0,1,1,0,0,0,1,0,0,1,1,0,1,2,2,3,1,1,1
1,0,0,0,1,1,0,1,0,1,0,1,1,0,0,0,1,1,3,1,3,1,0,1
0,1,0,0,1,1,0,1,0,0,0,1,1,0,0,1,0,0,0,0,0,0,0,1
0,0,1,1,0,1,0,1,1,1,0,1,0,1,1,1,1,0,2,2,0,0,3,2
1,1,1,0,1,1,0,1,0,1,0,1,0,1,1,0,1,0,2,1,2,2,4,3
1,1,0,1,0,1,1,1,1,0,1,1,1,0,1,0,1,1,3,1,0,2,2,1
1,0,0,1,0,1,1,1,0,1,0,0,0,,1,1,0,1,3,1,2,3,2,2
0,0,0,1,0,0,1,0,0,0,0,1,0,0,1,0,0,0,0,0,0,1,0,1
1,0,1,0,0,0,0,1,1,0,0,1,0,0,0,0,0,0,1,1,2,1,1,2
0,1,0,0,0,1,0,1,0,0,1,0,1,0,1,0,1,0,0,0,0,0,1,1
1,1,0,1,0,1,0,1,0,1,0,1,1,0,1,0,0,0,3,2,2,1,1,2
0,1,0,0,1,1,0,0,1,0,0,0,0,0,1,0,0,0,0,1,1,2,3,2
1,1,0,0,1,1,1,1,1,1,0,1,1,1,1,0,1,1,0,3,2,2,2,3
1,0,0,1,1,1,0,0,0,0,0,0,0,0,0,0,0,0,0,0,0,0,0,0
1,1,1,1,0,1,1,1,1,1,1,1,1,1,1,1,1,1,3,3,3,3,3,3
1,1,1,0,0,1,0,1,1,1,0,1,1,0,1,1,1,0,2,1,2,3,4,3
0,0,0,0,1,1,0,1,0,0,0,1,0,0,1,0,1,0,2,1,1,1,0,1
1,1,1,1,1,1,0,1,0,1,1,1,0,1,1,0,1,1,1,2,3,3,4,4
1,1,0,0,0,0,0,0,0,0,1,0,1,0,0,0,0,0,0,2,0,0,1,0
1,1,0,1,1,0,1,1,0,1,1,1,1,1,1,1,1,1,2,3,3,3,3,4
1,1,1,1,0,0,0,1,0,0,0,1,1,0,0,0,0,0,1,1,1,1,1,3
1,1,1,1,1,1,1,1,0,0,1,1,1,1,1,1,1,1,3,3,2,3,3,4
0,0,0,1,0,1,0,0,0,1,0,1,0,1,1,0,1,1,0,0,2,2,1,2
0,0,1,1,0,1,1,1,0,1,0,1,1,1,1,0,1,1,3,0,2,2,3,2
0,1,1,1,0,0,1,1,0,0,0,1,0,0,0,0,0,1,1,3,0,1,2,3
0,0,1,1,0,1,0,1,0,1,1,0,1,1,0,0,1,0,1,2,0,1,2,3
1,0,0,1,0,1,0,0,1,1,0,0,0,0,1,0,0,0,0,1,0,1,1,0
1,1,0,1,0,1,0,1,0,0,0,0,1,1,0,0,0,0,3,1,0,1,1,3
1,0,0,1,0,0,0,1,0,1,0,0,0,0,1,0,0,0,1,1,1,0,1,1
1,0,1,1,0,1,0,1,1,1,0,1,0,0,0,0,0,1,2,2,0,2,2,3
1,0,0,0,0,0,0,0,0,1,0,1,1,0,1,0,1,0,1,0,0,2,0,2
0,0,0,1,0,1,0,1,0,0,0,1,0,0,0,0,1,0,2,3,0,3,3,0
1,1,0,1,0,1,1,1,0,0,0,0,0,0,1,0,0,1,2,0,0,2,1,2
0,1,0,0,0,1,0,0,0,0,0,0,0,0,0,0,0,1,0,1,0,0,1,2
0,0,0,1,0,1,0,0,0,1,0,1,0,0,0,0,1,1,1,1,0,1,0,2
1,0,1,1,0,1,1,1,0,1,0,1,1,0,0,0,1,0,2,1,3,2,2,3
1,0,1,0,0,1,1,0,0,0,0,1,0,0,0,0,1,0,2,2,3,2,1,1
1,0,1,1,1,1,1,1,1,0,1,1,1,1,1,0,1,0,3,3,1,3,3,3
1,0,0,0,0,1,0,0,0,1,0,1,1,0,1,0,0,0,1,2,2,2,1,2
1,1,0,0,0,1,0,1,0,1,0,1,1,1,1,0,1,1,2,1,0,3,3,2
0,0,1,1,0,1,0,1,1,0,0,1,0,0,1,0,0,1,1,1,1,1,2,2
0,0,0,1,0,1,0,1,0,1,0,0,0,0,0,0,0,0,1,1,2,0,1,0
1,1,1,1,0,1,1,1,1,1,1,1,1,1,1,0,0,1,2,2,3,2,3,3
1,1,1,1,1,1,1,1,0,1,1,1,0,1,1,1,0,1,3,3,0,2,4,4
1,0,1,1,0,1,0,1,0,1,0,1,0,0,1,1,0,1,1,2,2,2,2,2
1,1,0,1,0,1,1,0,0,0,0,1,1,0,0,1,0,1,3,1,3,2,1,1
1,1,1,1,1,1,1,1,0,1,0,1,0,1,1,1,1,0,3,2,3,2,3,4
1,0,0,1,0,1,0,0,0,0,0,1,1,1,1,1,1,0,2,0,2,2,2,4
1,1,0,0,1,1,0,0,0,1,0,0,0,1,1,0,1,0,0,1,0,0,0,1
1,0,1,1,0,1,0,1,1,1,0,1,1,1,1,0,1,1,3,2,3,2,3,3
1,1,1,1,1,1,1,1,1,1,0,0,1,1,1,0,0,0,2,2,1,2,3,1
1,0,0,1,0,1,0,1,0,0,0,0,1,0,0,0,1,0,0,2,0,1,0,2
1,0,1,1,0,1,1,0,1,1,1,0,1,0,0,0,1,0,1,3,2,1,1,2
