id,cats,model,par.1,par.2,par.3,par.4,par.5
MC01,2,3PLM,1.557,-0.08,0.147,,
MC02,2,3PLM,1.083,0.544,0.187,,
MC03,2,3PLM,1.708,0.408,0.138,,
MC04,2,3PLM,1.571,-0.224,0.171,,
MC05,2,3PLM,1.366,1.716,0.122,,
MC06,2,3PLM,1.075,-0.906,0.141,,
MC07,2,3PLM,1.636,0.51,0.126,,
MC08,2,3PLM,1.916,-0.803,0.202,,
MC09,2,3PLM,1.937,1.101,0.206,,
MC10,2,3PLM,1.113,0.191,0.181,,
MC11,2,3PLM,1.169,1.661,0.205,,
MC12,2,3PLM,1.113,-0.674,0.136,,
MC13,2,3PLM,1.043,0.818,0.189,,
MC14,2,3PLM,1.274,0.633,0.167,,
MC15,2,3PLM,1.062,-0.166,0.183,,
DR1,2,2PLM,1.005,0.75,,,
DR2,2,2PLM,0.889,0.099,,,
DR3,2,2PLM,1.689,0.25,,,
CR1,4,GRM,1.072,-1.489,-0.189,1.111,
CR2,4,GRM,1.505,-1.173,0.127,1.427,
CR3,4,GRM,1.086,-1.138,0.162,1.462,
CR4,4,GRM,1.916,-1.123,0.177,1.477,
PC1,5,GPCM,1.432,-1.273,-0.173,0.727,1.827
PC2,5,GPCM,1.397,-1.629,-0.529,0.371,1.471
